ID,Location,Total Reviews,Review
1,Mount Everest (Sagarmatha National Park),543,A breathtaking UNESCO site offering the ultimate Himalayan adventure.
2,Dantakali Temple,250,A sacred Shakti Peeth revered for its spiritual peace and panoramic Dharan views.
3,Koshi Tappu Wildlife Reserve,350,A birdwatcher’s paradise filled with exotic migratory species and wetlands.
4,Ilām Tea Gardens,330,Serene green hills blanketed with tea plantations and misty mountain views.
5,Bhedetar,700,A peaceful hill station famous for its cool breeze and scenic Dharan valley overlook.
6,Tempu-Helambu Trek,750,A culturally rich trail blending Sherpa hospitality with stunning alpine scenery.
7,Limbu Villages,1000,Authentic Limbu culture and warm rural hospitality amidst lush hills.
8,Hile,980,"A charming hill town known for its cool climate, views, and traditional Newari culture."
9,Rhododendron Bloom Spots,900,Hillsides come alive with vibrant red and pink blooms each spring.
10,Didi-Baini Waterfall,500,A hidden natural gem surrounded by dense greenery and tranquility.
11,Barun Valley,600,A pristine valley offering untouched wilderness below majestic Makalu.
12,Makalu Barun National Park,369,A haven of biodiversity and rugged Himalayan landscapes.
13,Triveni Dham,700,A sacred confluence where devotees gather for peace and purification.
14,Thamserku Viewpoint,500,A spectacular spot to witness the grandeur of Thamserku peak.
15,Taplejung Micro Temple,400,A small yet spiritually rich temple nestled in a remote mountain setting.
16,Hile Tiny Viewpoint,450,Offers panoramic views of eastern hills and tea-clad slopes.
17,Sankhuwasabha Micro Waterfall,650,A refreshing mini waterfall ideal for quick nature escapes.
18,Kanchenjunga Base Camp Viewpoint,900,Panoramic views of the world’s third-highest mountain.
19,Ilaka Bazaar Homestays,875,Experience authentic village life and warm hospitality in Bhojpur.
20,Thulung Dudhkoshi Trek,123,A scenic offbeat trail following the pristine Dudh Koshi River.
21,Himalayan Hot Springs,258,Natural thermal baths with healing properties in tranquil settings.
22,Makalu Viewpoint,159,Offers stunning views of Mount Makalu and surrounding peaks.
23,Sabhapokhari,357,A peaceful lake surrounded by legends and high-altitude beauty.
24,"Rhododendron Trail (Tinjure, Milke, Jaljale)",654,A colorful trail famed for rhododendron forests and vistas.
25,Local Mountain Viewpoints (Tehrathum/Panchthar),321,Panoramic hilltops perfect for sunrise and photography.
26,Bantawa Village,987,A traditional Rai settlement rich in culture and community spirit.
27,Seasonal Waterfalls (Ilam/Taplejung),654,Cascading falls that flourish beautifully during the monsoon.
28,Himalayan Viewpoint,125,Stunning wide-angle views of snow-capped peaks and valleys.
29,Phakumba,136,A remote village offering serene landscapes and authentic Limbu heritage.
30,Biratnagar,652,A vibrant industrial city with a growing touch of modern Nepalese culture.
31,Taplejung,954,A gateway to Kanchenjunga with untouched natural beauty and local warmth.
32,Ilam,888,"Known as the “Queen of Hills,” famed for its tea gardens and rolling greenery."
33,Dhankuta,758,A historical hill town surrounded by orchards and scenic mountain views.
34,Sankhuwasabha,2000,"A land of rivers, caves, and Himalayan peaks rich in ethnic diversity."
35,Ilaka Bazaar & Homestays (Bhojpur),300,Experience local lifestyle and traditional food in peaceful homestays.
36,Khoping Pokhari,358,A serene pond offering reflection views and a calm natural setting.
37,Himalayan Hot Springs (Taplejung/Sankhuwasabha),659,Relaxing mineral springs tucked within forested hills.
38,Jhyau pokhari,669,"A quiet lake surrounded by lush greenery, ideal for picnics and meditation."
39,Jhyau Pokhari,125,A quaint rural area offering scenic trails and cultural simplicity.
40,Nundhaki,879,A peaceful highland village with authentic local charm and stunning views.
41,Mawadin,569,A glacial river known for its milky flow and suspension bridges.
42,Dudh Koshi River (Solukhumbu),523,A serene Buddhist site symbolizing compassion and peace.
43,Namobuddha Monastery (Bhojpur/Khotang),845,Known for its unique Rai culture and traditional dances.
44,Bantawa Village (Dhankuta),956,Famous for Sherpa hospitality and Everest-region traditions.
45,Sherpa Villages (Solukhumbu),756,"Rich in culture, heritage, and traditional craftsmanship."
46,Limbu Villages (Panchthar–Taplejung),369,A blend of natural beauty and Buddhist culture.
47,Tempu–Helambu Trek (Sindhupalchok/Solukhumbu border),125,A revered temple offering spiritual solace and panoramic views.
48,"Dantakali Temple (Sunsari, Dharan)",458,"A cozy hillside town perfect for tea, views, and quiet escapes."
49,Hile (Dhankuta),600,"A mix of Rai, Limbu, and Sherpa cultures preserving ancient traditions."
50,Ethnic Villages (Sankhuwasabha/Bhojpur),250,Discover diverse Himalayan cultures preserved through generations.
51,Gokyo Lakes,600,Crystal-clear turquoise lakes set amidst Everest’s majestic peaks.
52,Namche Bazaar,5000,The vibrant Sherpa capital and gateway to Everest Base Camp.
53,Kanyam Tea Garden,890,Rolling green hills with stunning views and refreshing mountain air.
54,Sherpa Villages,900,Heartwarming mountain communities rich in Buddhist culture.
55,Sangu,500,A peaceful rural escape surrounded by hills and traditional life.
56,Dudh Koshi River Rafting,1287,Thrilling whitewater adventure through the scenic Solukhumbu valley.
57,Antu Danda,543,Famous for sunrise views over Kanchenjunga and charming tea estates.
58,Maipokhari,1987,A tranquil wetland and pilgrimage site nestled in Ilam’s greenery.
59,Kanchenjunga Conservation Area,1256,A pristine region protecting rare wildlife and towering peaks.
60,Sandakpur,1543,Offers breathtaking sunrise views of Everest and Kanchenjunga ranges.
61,"TMJ Ridge (Tinjure, Milke, Jaljale)",978,A colorful ridge famed for rhododendron blooms and panoramic trails.
62,Halesi Mahadev Temple,876,A sacred cave temple revered by both Hindus and Buddhists.
63,Dharan (Budhasubba & Pindeshwor),569,"A spiritual hub blending temples, hills, and youthful city vibes."
64,Pathibhara Devi Temple,764,A powerful pilgrimage site perched high above the clouds.
65,Barahachhetra,432,One of Nepal’s holiest confluences dedicated to Lord Vishnu.
66,Ilaka Bazaar & Village Homestays,351,Experience authentic local life and hospitality in Bhojpur hills.
67,Gorja,423,A quiet mountain village known for its simplicity and scenic backdrop.
68,Chhankhola Waterfall,942,A hidden cascade offering refreshing natural beauty and calm.
69,Mehele,587,A small hillside settlement rich in traditional Limbu heritage.
70,Okhre,623,A tranquil rural spot surrounded by lush terraced farms.
71,Gairi Pangma,458,A picturesque hamlet offering views of Makalu and surrounding valleys.
72,Bhedetar,356,A breezy hilltop town popular for its foggy charm and Dharan views.
73,Nesum,417,A peaceful mountain village untouched by modern life.
74,Change Hiti,382,An ancient stone spout reflecting traditional Newari craftsmanship.
75,Banjhogara,1432,A hidden gem of rural beauty and cultural authenticity.
76,Dhankuta,1289,A historical hill town rich in tradition and scenic mountain vistas.
77,Panchami Danda,5289,Offers wide panoramas of rolling hills and Himalayan ranges.
78,Yakthung civilization,1892,The living legacy of the Limbu people’s ancient culture.
79,Santhakra,734,A serene upland village surrounded by green fields and ridges.
80,Gurase Pokhari,568,A highland lake famous for rhododendron forests and calm reflection views.
81,Lingtep,447,A peaceful hillside village known for tea and traditional Limbu homes.
82,Thukima,903,A scenic settlement offering close encounters with nature and culture.
83,Halesi Mahadev Temple,654,Sacred cave shrine symbolizing divine power and faith.
84,Kipa Chyoling Gumba,1098,A serene monastery promoting peace amid lush surroundings.
85,Nalbu,2650,A small rural community set among terraced fields and rolling hills.
86,Hile Tiny Viewpoint,1623,Offers wide views of green hills and tea-clad landscapes.
87,Tapethok,725,A charming stopover village on the Kanchenjunga trekking route.
88,Yamfudin,542,A remote hamlet welcoming trekkers with warmth and simplicity.
89,Lelep,367,The gateway village to Kanchenjunga Conservation Area with scenic views.
90,Kumbhakarna,436,A majestic mountain peak known for its spiritual and natural grandeur.
91,Ekamba,258,A peaceful countryside area with traditional village lifestyle.
92,Bhurkee,974,A small hillside village surrounded by pristine natural beauty.
93,Bahuni,348,A lively village community known for its greenery and simplicity.
94,Keroun,1478,A flatland area blending rural charm with growing modern touch.
95,Daulatpur,932,A quiet settlement offering serene rural scenery.
96,Dalelee Bazaar,654,A local trade hub alive with market energy and mountain views.
97,Maharaaj Thaan,743,A spiritual site of devotion surrounded by peaceful greenery.
98,Kanchenjunga Base Camp Viewpoint,1689,Panoramic viewpoint offering majestic close-up mountain vistas.
99,Dohamna Bazaar,593,A small local market connecting nearby rural communities.
100,Hoklabari,430,A peaceful rural village surrounded by farmlands and warm local hospitality.
101,Koshi Tappu Wetland (extension into Province 2),245,A biodiverse paradise home to rare birds and aquatic life.
102,Jholunge Pul Chisang,312,A scenic suspension bridge offering thrilling river views.
103,Limbu Villages,510,"Rich in Limbu traditions, dances, and authentic highland culture."
104,Dipu chowk (Shiva Mandir),4500,A serene spiritual site popular among local devotees.
105,Borabandh,3900,A tranquil spot perfect for nature walks and countryside relaxation.
106,Chulachuli,5200,"A green, hilly area known for tea gardens and peaceful scenery."
107,Mahamai,2100,A small settlement known for its simplicity and traditional rural charm.
108,Danabari,3200,A lush tea-growing region with refreshing views and calm atmosphere.
109,Laxmipura,2800,A quiet community area surrounded by fields and greenery.
110,Maghe,4500,A peaceful village offering insight into local life and rural harmony.
111,Bhawanitole,4100,A friendly locality blending traditional homes with scenic backdrops.
112,Panchkanya,4800,A culturally significant area named after the five goddesses of Hindu mythology.
113,Premejung,2300,A hidden hillside village with pristine landscapes and warm locals.
114,Shree Antu,5200,Famous for stunning sunrise views and endless tea gardens.
115,Samalbung,3600,A serene hillside hamlet offering calmness and local hospitality.
116,"Jhandi Danda, Rambhyang",2750,A scenic ridge ideal for sunrise views and peaceful walks.
117,Dhunge dhara mandir,1890,A small stone-temple site with historical and religious value.
118,Thalthale Pokhari (Targaun),1400,A tranquil pond surrounded by greenery and calm air.
119,Fajeegoun,2300,A small village preserving authentic Limbu heritage and traditions.
120,Sankhuwasabha,1200,A gateway to the Himalayas rich in natural and cultural diversity.
121,Pashupatinagar,1350,A charming border town known for tea markets and hilly beauty.
122,Mankhim mandir,980,A hilltop temple offering panoramic views and peaceful prayer atmosphere.
123,Pothukatla,1700,A rural village surrounded by lush hills and scenic trails.
124,Sherpa Villages (Solukhumbu),900,Heart of Sherpa culture with breathtaking Himalayan scenery.
125,Rungsung,870,A traditional highland settlement known for simplicity and scenic landscapes.
126,Taplejung,890,A remote yet vibrant Himalayan town known for its natural wonders.
127,Taplejung Micro Temple,760,A small local temple that adds charm to the mountain setting.
128,Tin talaay waterfall,1150,A triple-tiered waterfall cascading beautifully through forested hills.
129,Gorkhe,1300,A quiet hill village offering peaceful views and rural life experience.
130,Thamserku Viewpoint,950,Offers stunning close-up views of Thamserku peak and Everest range.
131,Jamuna,1190,A hidden gem for sunrise views and tranquil natural surroundings.
132,Jogmai,800,"Known for its green hills and calm, refreshing atmosphere."
133,Mabu,720,A remote yet picturesque mountain village with rich local culture.
134,Maimajhuwa,3900,A peaceful community near Ilam’s scenic tea hills and viewpoints.
135,Chhintapu,1500,A famous high peak for trekking and breathtaking Himalayan panoramas.
136,Bantedara,1350,A rural settlement surrounded by greenery and agricultural charm.
137,Sidin,540,A cultural village along the Tamor River known for warm hospitality.
138,Lakhanpur,870,A lively marketplace connecting hilly communities and local trade.
139,Charchabari,1130,A quiet countryside area ideal for exploring nature and culture.
140,Chaudhari Gaun,690,A harmonious rural settlement reflecting eastern Nepali life.
141,Tumden Chowk,830,"A local hub bustling with shops, people, and mountain energy."
142,Sanba,990,A traditional Limbu village nestled amid hills and serene forests.
143,Tiljung,610,A peaceful hamlet surrounded by terraced fields and rolling hills.
144,Papung,710,A quaint mountain village known for cultural richness and simplicity.
145,Phungphunge Waterfall,450,A majestic waterfall surrounded by lush forest and fresh mountain air.
146,Dalaicha,520,"A small, scenic rural area known for its peaceful environment."
147,Dunge,730,A serene hilltop village perfect for quiet nature retreats.
148,Tartong,890,A hidden gem of green valleys and pure Himalayan tranquility.
149,Papung Gumba,1600,A calm Buddhist monastery offering spiritual peace and mountain views.
150,Tokpegola,530,A picturesque border village surrounded by snowy peaks and Sherpa culture.
151,Keemathnka,490,Keemathnka – A peaceful highland village offering stunning mountain scenery and local culture.
152,Chepuwa,670,Chepuwa – A remote Himalayan settlement surrounded by forests and rivers.
153,Guthigumba,980,Guthigumba – A serene Buddhist monastery area ideal for reflection and peace.
154,Yaphu,1280,Yaphu – A tranquil village nestled deep in the hills of Sankhuwasabha.
155,Seduwa,850,"Seduwa – Gateway to Makalu-Barun National Park, rich in nature and biodiversity."
156,Siva Mandir Managaun,880,Siva Mandir Managaun – A sacred temple attracting devotees seeking spiritual calm.
157,Keemathnka,640,Keemathnka – A scenic rural village with pristine air and Himalayan backdrops.
158,Hans Pokhari (हाँसपोखरी),520,Hans Pokhari (हाँसपोखरी) – A lovely pond frequented by migratory birds and locals alike.
159,Kholakharka,570,Kholakharka – A peaceful grazing meadow offering wide mountain views.
160,Hatiya,1250,Hatiya – A traditional village with rich Rai and Sherpa cultural roots.
161,Dangok,1350,Dangok – A small hillside settlement surrounded by greenery and quiet trails.
162,Bhotkhola,640,A remote northern valley rich in Sherpa and Tibetan culture.
163,Guthigumba,2500,A historic monastery area reflecting Buddhist art and devotion.
164,Chyamtang,3100,A scenic mountain village with warm hospitality and rich culture.
165,Chepuwa,3200,Known for its natural beauty and pristine Himalayan wilderness.
166,Thudam,2100,A hidden gem near Tibet with breathtaking alpine scenery.
167,Brihaspati Tal (बृहस्पती ताल),1350,A sacred lake believed to have spiritual cleansing powers.
168,Rajarshi Tal (राजर्षी ताल),6200,A serene high-altitude lake surrounded by dense forest.
169,Rukma,2100,A quiet rural settlement amid tranquil mountain surroundings.
170,Sibrung,1900,A culturally rich village reflecting Limbu traditions and natural charm.
171,Limkhim Fall,3200,A beautiful hidden waterfall surrounded by lush greenery.
172,Baide,1400,A small hillside village known for scenic views and cultural warmth.
173,Num,4800,A picturesque stopover for trekkers heading to Makalu Base Camp.
174,Sabha Pokhari,2500,A holy alpine lake surrounded by legends and natural beauty.
175,Nebare,3700,A peaceful upland hamlet offering simplicity and scenic charm.
176,Mangkhim,5400,A hilltop site known for temples and stunning sunrise views.
177,Syaksila,3900,A highland settlement offering sweeping Himalayan vistas.
178,Sempung,4100,A remote yet charming rural village rich in ethnic culture.
179,Chainpur,1950,A historic hill town known for craftsmanship and natural beauty.
180,Siddhakali,2900,A revered temple offering peace and panoramic landscapes.
181,Mawadin,1500,A scenic village set among hills and vibrant rural life.
182,Ambung,2200,A quiet mountain village perfect for nature lovers and trekkers.
183,Dhungesaghu,1900,A small settlement named after its historic stone bridge and river views.
184,Olangchung Gola,1350,A fascinating old trade village blending Tibetan and Sherpa heritage.
185,Yangma,720,A secluded highland valley untouched by modernity and full of charm.
186,Merak,980,A traditional Sherpa village surrounded by Himalayan beauty.
187,Bajrangi Lake,890,A calm natural lake offering serenity and reflection views.
188,Hanuman Sagar,640,A religious lake dedicated to Lord Hanuman amid peaceful surroundings.
189,Chhija,870,A hill village offering scenic vistas and cultural authenticity.
190,Nup,690,A remote settlement embraced by forests and mountain serenity.
191,Tapethok,510,A riverside village on the Kanchenjunga trekking trail.
192,Ghunsa,770,A famous Sherpa village en route to Kanchenjunga Base Camp.
193,Phungling,950,Administrative hub of Taplejung blending urban life with natural charm.
194,Dokhu,540,A hillside town surrounded by forests and scenic rural views.
195,Sansari Danda,600,A holy ridge offering views and spiritual calm.
196,Ghumaaune Dada,430,A scenic hilltop viewpoint perfect for sunrises and photos.
197,Duhabi,520,A lively industrial town connecting plains and hills.
198,Sisabanibadahara,480,A peaceful Terai region village rich in agriculture.
199,Dangraha,3100,A flatland village with vibrant local life and cultural roots.
200,Banigama,2400,A small trading hub surrounded by green fields.
201,Dulari,690,"A simple, friendly village reflecting everyday rural Nepal."
202,Binaya Tole Phimraha,880,A local neighborhood known for community warmth.
203,Khoksi,720,A quiet farming village with a relaxed countryside atmosphere.
204,Lati Jhora,5600,A natural spring area with refreshing water and greenery.
205,Sonapur,5100,A growing market town blending modern life with traditional values.
206,Sai Man Basti,2500,"A small, friendly settlement in the eastern plains."
207,Khanar,1300,A developing suburban town near Itahari with local charm.
208,Gaisar,1100,A modest rural community surrounded by farmland.
209,Bhatti Toal,2400,A traditional neighborhood known for its welcoming locals.
210,Bajraha,840,A peaceful village offering authentic Terai culture and lifestyle.
211,Ubdhi,1300,A quiet countryside area ideal for peaceful retreats.
212,Lauhani,2700,A small farming village surrounded by fertile plains.
213,Jhumka,248,A busy town near Koshi Tappu known for its growing trade.
214,Diktel,"1,340",A beautiful hill town offering panoramic views and rich Rai culture.
215,Nerpa,"1,210",A serene mountain village with unspoiled natural surroundings.
216,Dorpachiuridada,312,Peaceful hill area offering panoramic mountain views.
217,Lamidanda,780,Scenic countryside known for its natural serenity.
218,Sapteshwor,196,Holy pilgrimage site surrounded by beautiful hills.
219,Pipal Dada,174,Quiet and green hilltop with relaxing surroundings.
220,Rakha Dipsung,430,Traditional village preserving local Kirat culture.
221,Sungdel,386,Picturesque rural area rich in ethnic traditions.
222,Sitalpati,590,Bustling small town with local market life.
223,Chiyabari,221,Lush tea garden area perfect for nature walks.
224,Bagapati,265,Charming countryside with scenic landscapes.
225,Inaruwa,144,Vibrant town serving as a commercial hub of Sunsari.
226,Halesi Tole,328,Gateway to the sacred Halesi Mahadev region.
227,Badahara,190,Peaceful rural settlement with natural beauty.
228,Barchhawa,210,Small village surrounded by farmland.
229,Madhesa,155,Agricultural village known for friendly locals.
230,Chandbela,"1,560",Calm area reflecting simple Terai lifestyle.
231,Gaighat,900,Busy town and entry point to Udayapur district.
232,Valaya Danda,312,Hilltop viewpoint with stunning morning scenes.
233,Jalpachilaune,740,Rural area rich in greenery and streams.
234,Beldovan Waterfalls,580,Hidden gem waterfall with refreshing ambiance.
235,Murkuchi Bazar,455,Local market center connecting nearby villages.
236,Triyuga Bridge,"1,450",Modern bridge offering great views of Triyuga River.
237,Rauta,"3,200",Popular for the Rauta Lake and religious significance.
238,Pipra,"2,750",Farming community with warm hospitality.
239,Saptakoshi,620,Famous for the Saptakoshi River and biodiversity.
240,Odraha,470,Quiet village with scenic riverbanks.
241,Sakhubani,310,Peaceful rural hamlet amid paddy fields.
242,Laxminarayan Temple,180,Sacred site dedicated to Lord Vishnu.
243,Fatepur,540,Lively town with local shops and eateries.
244,Sirwani,260,Small settlement surrounded by greenery.
245,Sundarpur,680,Developing town known for its natural charm.
246,Sirwani,420,Calm and nature-friendly village area.
247,Bakdhauwa,390,Traditional Terai village with cultural roots.
248,Jandaul,350,Agricultural area with peaceful rural scenery.
249,Mohanpur,280,Bustling small town with strong local community.
250,Mahuli Waterfall,150,Stunning natural fall ideal for short hikes.
251,Harna River,720,Tranquil riverside location for picnics and rest.
252,Jandaul,190,Friendly village surrounded by farmland.
253,Krishnasavaran (Marauti) Temple,510,Historic temple with spiritual value.
254,Terahauta,275,Serene countryside with local farming charm.
255,Lohajara,340,Calm and traditional rural village.
256,Bengari,190,Quiet area surrounded by natural greenery.
257,Theliya,210,Peaceful settlement reflecting Terai life.
258,Dhodhanpur,180,Agricultural area with scenic surroundings.
259,Kamalpur,165,Small but lively community village.
260,Nargho,260,Known for cultural diversity and simplicity.
261,Fakira,230,Simple and traditional farming village.
262,Birpur Barahi,190,Famous for Barahi temple and natural beauty.
263,Inarwa,135,Developing town with markets and schools.
264,Gobargada,170,Village rich in local culture and agriculture.
265,Barsain,120,Culturally rich town famous for local festivals.
266,Koiladi,240,Peaceful settlement near Koshi floodplains.
267,Deehibar Temple at Kusha,280,Spiritual site surrounded by greenery.
268,Dalwa Park,48,Small community park for local recreation.
269,Sakarpura,112,Calm and charming agricultural zone.
270,Bishahariya,74,Home to Bishahari temple and local legends.
271,Deurimaruwa,91,Traditional rural village with scenic charm.
272,Farseth,66,Village with beautiful paddy fields and community spirit.
273,Deurimaruwa,83,Peaceful and green settlement.
274,Rajbiraj,59,Historical city with planned layout and cultural heritage.
275,Didhawa,44,Serene agricultural village.
276,Pakari,51,Rural village known for simplicity and greenery.
277,Maleth,39,Historic village with cultural importance.
278,Basbiti,68,Calm village with traditional Terai lifestyle.
279,Rayapur,77,Lively community with temples and local events.
280,Hariharpur,42,Culturally rich area with Hindu temples.
281,Prasabani,58,Peaceful village known for farming.
282,Bishahariya,53,Popular pilgrimage site with snake goddess temple.
283,Deurimaruwa,46,Quiet and culturally active settlement.
284,Farseth,61,Friendly farming village in Saptari district.
285,Lahan,85,Major commercial hub with good road links.
286,Govindpur Taregana,37,Known for local fairs and temples.
287,Chure Mai Mandir,49,Sacred temple located on the Chure hills.
288,Hardiya,92,Small agricultural community.
289,Kushaha,41,Riverside area near Koshi Barrage.
290,Pansera,131,Quiet and green farming village.
291,Khojpur,57,Culturally diverse rural settlement.
292,Banarjhula,63,Simple Terai village surrounded by farmlands.
293,Malhanama,55,Peaceful countryside area.
294,Haripur,38,Growing town with trade and cultural mix.
295,Tikuliya,47,Small local village with welcoming locals.
296,Sakhuwanankarkatti,88,Rural area rich in agriculture.
297,Itarhawa,34,Village surrounded by natural greenery.
298,Nahara Rigoul,102,Calm settlement with strong community ties.
299,Bhagwanpur,28,Culturally vibrant village with temples.
300,Geruwaha,36,Scenic area with natural and rural charm.
301,Sothiyan,33,Sothiyan – Peaceful Terai village with traditional Madheshi lifestyle.
302,Mauwahi,25,Mauwahi – Calm farming village known for its greenery and simplicity.
303,Mauwahi,31,Kachanari – Scenic settlement surrounded by paddy fields.
304,Kachanari,27,Navarajpur – Typical Terai village reflecting rural Nepalese life.
305,Navarajpur,29,"Majhaura – Small, friendly community with cultural charm."
306,Majhaura,45,Khoksi – Riverside village ideal for short nature walks.
307,Kachanari,22,Janakinagar – Agricultural area with cultural and religious value.
308,Khoksi,33,Bariyarpatti – Vibrant local town famous for its small markets.
309,Janakinagar,21,Tenuwapatti – Serene village with traditional Mithila homes.
310,Bariyarpatti,26,Gadha – Peaceful farming settlement in the lowlands.
311,Tenuwapatti,24,Aurahi – Rural town showcasing authentic Madhesh culture.
312,Gadha,30,Aurahi Minor Shrine – Small yet revered local temple.
313,Aurahi,35,Baba Haridwar Dham – Spiritual pilgrimage site inspired by Haridwar.
314,Aurahi Minor Shrine,20,"Baba Taal – Small lake with a tranquil, devotional atmosphere."
315,Baba Haridwar Dham,39,Barhathwa Heritage Street – Historic street with cultural architecture.
316,Baba Taal,23,Bharat Lake – Beautiful artificial lake and recreation spot.
317,Barhathwa Heritage Street,32,Birgunj Heritage Sites – Blend of trade history and cultural heritage.
318,Bharat Lake,28,Chhath Ghat (Sunsari) – Sacred riverside area for Chhath Puja rituals.
319,Birgunj Heritage Sites,119,Chhinnamasta Riverbank Areas – Holy riverside landscapes for pilgrims.
320,Chhath Ghat (Sunsari),54,Chhinnamasta Temple – Renowned Hindu temple dedicated to Goddess Chhinnamasta.
321,Chhinnamasta Riverbank Areas,141,Chhireshwor Temple – Popular Shiva temple surrounded by local markets.
322,Chhinnamasta Temple,66,Chitwan–Parsa Elephant Corridor – Vital wildlife route connecting national parks.
323,Chhireshwor Temple,48,Chure Hills (Eastern Belt) – Biodiverse foothills offering scenic trails.
324,Chitwan–Parsa Elephant Corridor,127,Famous religious site linked to Ramayana.
325,Chure Hills (Eastern Belt),59,Cultural street filled with local life and traditions.
326,Dhanushadham (Dhanusha),36,Natural area surrounding the famous Gadhimai temple.
327,Dhobi Tole (Janakpur),59,Major temple known for large-scale fairs and rituals.
328,Gadhi Mai Forest Area,28,Site of Nepal’s significant cultural fair.
329,Gadhi Mai Temple (Bara),36,Peaceful Terai village with rich agriculture.
330,Gadhimai Mela Ground,33,District hub known for trade and historic significance.
331,Gamhariya Village,25,Historic temples and local cultural landmarks.
332,Gaur,29,Important Hindu site with religious gatherings.
333,Gaur (Rautahat) Heritage Sites,45,Rural settlement with simple lifestyle and warm locals.
334,Gaurighat Temple,33,Spiritual destination known for annual festivities.
335,Hariharpur Village,21,Renowned pilgrimage town of Mahadev devotees.
336,Jagdamba Temple,30,Sacred temple dedicated to Lord Shiva.
337,Jaleshwar Dham,24,Smaller shrines surrounding the main Janaki Temple.
338,Jaleshwor Mahadev Temple,20,Heart of Mithila culture and major pilgrimage city.
339,Janaki Temple Minor Complex,39,Serene riverfront used for rituals and ceremonies.
340,Janakpur Dham,23,Historic village with strong Mithila cultural roots.
341,Janakpur Ghats,32,Small riverside worship spot.
342,Kachorwa,97,Traditional community known for handicrafts.
343,Kachorwa Tiny Ghat,88,One of the tallest Shiva statues in the world.
344,Kachorwa Village,42,Peaceful site for spiritual activities along the river.
345,Kailashnath Mahadev Statue,54,Iconic dam and birdwatching location.
346,Kalyanpur Ghat,76,Excellent spot to watch sunrise and river flow.
347,Koshi Barrage,141,Holy temple complex with growing town nearby.
348,Koshi Barrage Viewpoint,66,Cross-border trading point with India.
349,Lahan / Shambhunath Temple,48,Immersive cultural stays with local families.
350,Laukaha Border Market,250,Colorful local celebrations year-round.
351,Local Homestays & Village Experiences,350,"Showcases Madhesi art, history, and lifestyle."
352,Local Seasonal Festivals (Remote Villages),330,Small religious sites along rivers.
353,Madhesh Museum & Cultural Center,700,Hidden cultural treasures across the plains.
354,Minor Ghats & River Confluences,750,Local shrines preserving old traditions.
355,Minor Heritage Sites,1000,Centers showcasing traditional Mithila paintings.
356,Minor Village Temples (Sarlahi/Bara/Rautahat),980,Heritage park celebrating Mithila art and customs.
357,Mithila Art Sites,900,Hands-on art site preserving ancient styles.
358,Mithila Cultural Park,500,"Wildlife haven with elephants, tigers, and rich flora."
359,Mithila Painting Workshop,600,Ancient village with cultural and archaeological value.
360,Parsa National Park,369,Major temple of Goddess Rajdevi in Gaur.
361,Pipara (Historical Site),700,Central temple symbolizing Ram–Sita heritage.
362,Rajdevi Temple,500,Busy Indo-Nepal trade and travel crossing.
363,Ram Janaki Temple,400,Cross-border marketplace with lively trade.
364,Raxaul / Bhitthamore Border,450,Sacred temple set amid peaceful surroundings.
365,Raxaul Border / Bhitthamore Market,650,Natural garden preserving regional biodiversity.
366,Sakhuwa Mahadev Temple,900,"District rich in culture, farming, and festivals."
367,Salhesh Botanical Garden,875,Local temple or heritage location.
368,Sarlahi,123,Hindu shrine dedicated to Lord Shiva.
369,Sarlahi Minor Cultural Site,258,Revered Shiva temple near Janakpur.
370,Shivala Temple,159,Historical city ruins of medieval Mithila kingdom.
371,Shivala Temple (Dhanusha),357,Sanctuary with diverse bird species and wetlands.
372,Simraungadh,654,Important ecological water bodies.
373,Sirsia Bird Sanctuary,321,Ethnic villages rich in culture and tradition.
374,Small Wetlands & Ponds (Saptari/Dhanusha),987,Peaceful riverside site for Chhath Puja and festivals.
375,Tharu Villages,654,Border area with trade and cultural exchange.
376,Tilathi Ghat,125,Hub for Madheshi arts and community events.
377,Tilathi–Koilabas Border Village,136,Famous garden and spiritual site celebrating Lord Salhesh.
378,Tulsipur Cultural Center,652,Town with temples and cultural landmarks.
379,Chhinnamasta Riverbank Areas,250,Chhinnamasta Riverbank Areas – Sacred riverside zones used for rituals and Chhath celebrations.
380,Tulsipur Cultural Center,350,"Tulsipur Cultural Center – Hub of Madheshi art, music, and traditional performances."
381,Small Wetlands & Ponds (Saptari/Dhanusha),330,Small Wetlands & Ponds (Saptari/Dhanusha) – Peaceful natural habitats rich in birdlife.
382,Birgunj Heritage Sites,700,Birgunj Heritage Sites – Blend of trade history and cultural monuments in Parsa.
383,Dhobi Tole / Cultural Street,750,Dhobi Tole / Cultural Street – Lively street showcasing Janakpur’s daily culture.
384,Madhesh Museum & Cultural Center,1000,Madhesh Museum & Cultural Center – Preserves the history and lifestyle of the Madheshi people.
385,Tharu Villages,980,Tharu Villages – Ethnic villages famous for traditional houses and warm hospitality.
386,Sakhuwa Mahadev Temple,900,Sakhuwa Mahadev Temple – Revered Shiva temple amid tranquil surroundings.
387,Salhesh Fulbari,500,Salhesh Fulbari – Sacred garden associated with the legend of Lord Salhesh.
388,Bharat Lake,600,Bharat Lake – Beautiful artificial lake and popular recreation area.
389,Bariyarpur Historical Sites,369,Bariyarpur Historical Sites – Ancient town with rich cultural and spiritual heritage.
390,Laukaha Border Market,700,Laukaha Border Market – Busy Indo-Nepal border market fostering local trade.
391,Kachorwa Tiny Ghat,500,Kachorwa Tiny Ghat – Small riverside site used for local rituals.
392,Gamhariya Village,400,Gamhariya Village – Quiet farming community with strong cultural roots.
393,Kalyanpur Ghat,450,Kalyanpur Ghat – Peaceful riverside spot for Hindu rituals and bathing.
394,Rajdevi Temple,650,Rajdevi Temple – Important temple dedicated to Goddess Rajdevi in Gaur.
395,Tilathi Ghat,900,Tilathi Ghat – Prominent riverside site for religious ceremonies.
396,Shivala Temple,875,Shivala Temple – Historic Shiva temple symbolizing faith and devotion.
397,Chure Hills (Eastern Belt),123,Chure Hills (Eastern Belt) – Foothill zone rich in forests and scenic drives.
398,Tilathi–Koilabas Border Village,258,Tilathi–Koilabas Border Village – Border village highlighting cross-cultural exchanges.
399,Simraungadh,159,Simraungadh – Ancient city ruins reflecting the glory of medieval Mithila.
400,Sarlahi Minor Cultural Site,357,Sarlahi Minor Cultural Site – Small but significant heritage or temple location.
401,Dhanushadham (Dhanusha),654,Dhanushadham (Dhanusha) – Famous Ramayana-linked pilgrimage site.
402,Chinnamasta Bhagawati Temple,321,Chinnamasta Bhagawati Temple – Powerful temple dedicated to Goddess Chhinnamasta.
403,Sarlahi,987,Sarlahi – Fertile district known for agriculture and cultural diversity.
404,Laukaha Border Market (Siraha),654,Laukaha Border Market (Siraha) – Key trade hub between Nepal and India.
405,Tulsipur Cultural Center (Mahottari),125,Tulsipur Cultural Center (Mahottari) – Local center promoting regional arts and heritage.
406,Sakhuwa Mahadev Temple (Sarlahi),136,Sakhuwa Mahadev Temple (Sarlahi) – Sacred Shiva shrine and regional pilgrimage point.
407,Birgunj Heritage Sites (Parsa),652,Birgunj Heritage Sites (Parsa) – Cultural and historical landmarks of the Parsa district.
408,Bardibas,250,Bardibas – Growing commercial town connecting Terai and hill regions.
409,Laxminiya,350,Laxminiya – Peaceful village known for traditional Madhesi life.
410,Belgachhi,330,Belgachhi – Agricultural village surrounded by paddy fields.
411,Hathilet,700,Hathilet – Typical Terai settlement with simple lifestyle.
412,Dhalkebar,750,Dhalkebar – Important transport hub linking highways and trade routes.
413,Batauwa,1000,Batauwa – Calm farming village with a rural charm.
414,Bharatpur,980,Bharatpur – Modern city gateway to Chitwan National Park.
415,Fulakaha,900,Fulakaha – Village area with natural and cultural beauty.
416,Birgunj,500,Industrial and trading capital of southern Nepal.
417,Motisar,600,Small community reflecting rural traditions.
418,Bhatauda,369,Agricultural area with scenic surroundings.
419,Kalaiya,700,Bustling town and administrative center of Bara.
420,Karaiya,500,Local village with cultural and farming roots.
421,Maheshpur,400,Peaceful agricultural village.
422,Dohari,450,Small settlement with authentic Terai life.
423,Bhodaha,650,Rural area known for cultural diversity.
424,Haraiya,900,Friendly village with farmlands and simple lifestyle.
425,Kolhabi,875,Developing town with growing markets.
426,Rangapur,123,Quiet community known for local fairs.
427,Chandrapur,258,Major municipality with cultural and natural appeal.
428,Paurai,159,Peaceful settlement with a rural backdrop.
429,Pahritol,357,Small village reflecting traditional Madhesi architecture.
430,Sakhuwa Dhamaura,654,Rural village surrounded by fertile land.
431,Pratappur Paltuwa,321,Calm settlement known for its simplicity.
432,Laxmipur Belbichawa,987,Agricultural community with local traditions.
433,Faparbadi,654,Village offering glimpses of authentic Terai life.
434,Balchanpur,125,"Quiet, green farming village."
435,Nijgadh,136,Gateway town to the proposed international airport.
436,Dhiyal,652,Scenic village near the Chure range.
437,Kudawa,250,Simple rural area with paddy fields.
438,Amarpatti,350,Vibrant local community in the Terai plains.
439,Pathera,330,Peaceful agricultural area with cultural heritage.
440,Mahendra Adarsha,700,Educational and administrative locality.
441,Saunaraniya,750,Calm village with traditional values.
442,Paterwa,1000,Farming settlement near trade routes.
443,Tedhakatti,980,Agricultural village with friendly residents.
444,Tengraha,900,Quiet countryside area rich in greenery.
445,Maryadpur,500,Peaceful village known for local farming.
446,Katahariya,600,Busy market town and municipal hub.
447,Dudhouli,369,Small hilly town known for natural scenery.
448,Bagahi,700,Rural community known for simplicity.
449,Garuda,500,Thriving business town in Rautahat district.
450,Dharampur,400,Agricultural village with vibrant community life.
451,Sangrampur,450,Peaceful settlement with local markets.
452,Bahuwa Madanpur,650,Culturally active rural area.
453,Umarjan,900,Serene village surrounded by paddy fields.
454,Rampurwa,875,Quiet farming area reflecting Terai lifestyle.
455,Laxminiya,123,Friendly agricultural settlement.
456,Kanakpur,258,Local town known for agriculture and trade.
457,Chandrapur,159,Developing city with cultural diversity.
458,Lokaha,357,Calm rural village near forested regions.
459,Nuwakot Micro Lake,654,Small scenic lake surrounded by hills.
460,Kaleshwor Mahadev Temple,321,Sacred hilltop temple dedicated to Lord Shiva.
461,Bhimeshwor Temple,987,Historic temple known for religious importance.
462,Rasuwagadhi Fort,654,Ancient border fort symbolizing Nepalese history.
463,Balthali Village,125,Tranquil hill village offering beautiful landscapes.
464,Bajrabarahi Temple,136,Sacred temple nestled within lush forests.
465,Langtang Valley,652,Stunning Himalayan valley famous for trekking.
466,Phulchoki Viewpoints,250,Highest hill near Kathmandu with panoramic views.
467,Lele Village,350,Traditional Newar village surrounded by green fields.
468,Chisapani,330,Popular trekking stop offering sunrise and mountain vistas.
469,Gosaikunda Lesser Spots,700,Remote holy lakes and serene trekking paths.
470,Paldor Peak Base Camp,750,Base for trekking adventures with breathtaking mountain views.
471,Ganga Jamuna Waterfall,1000,"Stunning waterfall nestled in serene hills, perfect for nature lovers."
472,Sailung,980,Peaceful hilltop offering panoramic mountain and valley views.
473,Kamalamai Temple,900,Revered religious site attracting devotees from surrounding regions.
474,Ayurvedic Spas (Kathmandu),500,Relaxing wellness centers offering traditional treatments.
475,Yoga & Meditation Retreats (Nagarkot/Dhulikhel),600,Calm locations ideal for mindfulness and spiritual rejuvenation.
476,Garden of Dreams,369,Beautiful historical garden in Kathmandu with colonial charm.
477,Ruby Valley,700,Scenic valley with tranquil rivers and forested surroundings.
478,Nagarkot,500,Famous hill station offering sunrise views over the Himalayas.
479,Changu Narayan Temple,400,Ancient UNESCO World Heritage temple with exquisite architecture.
480,Bagh Bhairab Temple,450,Iconic local temple known for festivals and religious significance.
481,Patan Durbar Square,650,Historic square showcasing Newar architecture and cultural heritage.
482,Kathmandu Durbar Square,900,"Central hub of Kathmandu with palaces, temples, and history."
483,Namo Buddha Monastery,875,Peaceful Buddhist monastery set amidst beautiful hills.
484,Dakshinkali Temple,123,"Popular temple dedicated to Goddess Kali, known for animal rituals."
485,Kulekhani Dam & Reservoir,258,Scenic dam offering boating and birdwatching opportunities.
486,Local Hilltop Viewpoints (Chapagaun/Lalitpur),159,Quiet spots for panoramic views of Kathmandu Valley.
487,Dhulikhel Viewpoint,357,Popular viewpoint with Himalayan vistas and serene surroundings.
488,Shivapuri Nagarjun National Park,654,Biodiverse park ideal for trekking and wildlife spotting.
489,Panauti,321,Historical town known for temples and riverside heritage.
490,Bhaktapur Durbar Square,987,UNESCO World Heritage site with rich medieval architecture.
491,Kirtipur,654,Traditional town with cobbled streets and historic temples.
492,Sangachok Village,125,Village known for scenic beauty and cultural charm.
493,Nagadesh Temple,136,Local temple set amidst a peaceful rural backdrop.
494,Sankhu,652,Ancient town with historic temples and Newar culture.
495,Khokana,250,Heritage village famous for traditional architecture and mustard oil production.
496,Mahankal Temple,350,Historic temple perched on a hilltop with panoramic views.
497,Chandeshwori Temple,330,"Revered temple attracting devotees, especially during festivals."
498,Balkumari Temple,700,Iconic temple known for religious events and local traditions.
499,Sindhuligadhi,750,Historic fort with panoramic hill views and cultural significance.
500,Manakamana Temple,1000,"Famous temple accessed by cable car, known for wish fulfillment."
501,Netra Lake,980,Serene lake ideal for relaxation and scenic photography.
502,Tau Daha,900,Peaceful small lake surrounded by natural greenery.
503,Bungamati,500,Traditional Newar village known for woodcarving and culture.
504,Gosaikunda Lake,600,Sacred alpine lake and popular trekking destination.
505,Daman,369,Hill station offering Himalayan views and a calm getaway.
506,Phulchowki,700,"Highest hill near Kathmandu, famous for trekking and birdwatching."
507,Dhulikhel,500,Town with rich culture and spectacular mountain viewpoints.
508,Chandragiri Hills,400,Scenic hill area with cable car access and Himalayan panoramas.
509,Chhahare Waterfall,450,Refreshing waterfall set amidst lush greenery.
510,Indrasarovar Lake,650,Beautiful lake ideal for boating and photography.
511,Pashupatinath Temple,900,Iconic Hindu temple and UNESCO World Heritage site.
512,Chitwan National Park,875,"Famous wildlife reserve home to rhinos, tigers, and elephants."
513,Dhading Hidden Village Trail,123,Scenic trekking route with authentic rural villages.
514,Boudhanath Stupa,258,Massive Buddhist stupa and spiritual center of Kathmandu.
515,Swayambhunath Stupa (Monkey Temple),159,Ancient hilltop stupa with panoramic valley views.
516,Pharping,357,Spiritual site with Buddhist monasteries and meditation centers.
517,Nuwakot Palace,654,Historic palace offering insights into Nepalese architecture.
518,Siddhi Ganesh Temple,321,"Iconic temple dedicated to Lord Ganesh, rich in local devotion."
519,Seto Machhendranath Temple,987,Famous temple in Patan celebrating traditional festivals.
520,Thimi,654,Heritage town known for pottery and traditional Newar lifestyle.
521,Rolwaling Valley,125,Remote Himalayan valley offering trekking and stunning scenery.
522,Kalinchowk Bhagwati,136,Famous hilltop temple with Himalayan vistas.
523,Nagarkot Viewpoint,652,Classic spot for sunrise and panoramic Himalayan views.
524,Langtang Valley Upper Trek,250,Scenic trekking route with mountain vistas and glaciers.
525,Lalitpur Tiny Temple,350,Small heritage temple showcasing Newar architecture.
526,Langtang Upper Trek,330,Trekking route leading to alpine landscapes and remote villages.
527,Rasuwa,700,Himalayan border district with trekking trails and cultural sites.
528,Kathmandu,750,"Capital city blending history, culture, and urban life."
529,Chitwan,1000,"Town adjacent to Chitwan National Park, gateway for wildlife tourism."
530,Lalitpur / Chapagaun,980,Suburban areas with traditional culture and hill views.
531,Nuwakot,900,Historic town with ancient palace and scenic hilltop views.
532,Dhading,500,District with beautiful trekking trails and rural villages.
533,Patan,600,Cultural city famous for Durbar Square and Newar architecture.
534,Bhrikutimandap,369,Hill area offering panoramic views of Kathmandu Valley.
535,Thamel,700,"Bustling tourist hub with shops, restaurants, and nightlife."
536,Bagh Bhairab Temple,500,Iconic temple with historic and cultural significance.
537,Balkumari Temple,400,Important temple in Lalitpur attracting devotees during festivals.
538,Balthali Village,450,Peaceful village with trekking opportunities and scenic landscapes.
539,Bhimeshwor Temple,650,Revered Hindu temple in the Kathmandu Valley.
540,Chandeshwori Temple,900,Popular temple attracting local devotees in Banepa.
541,Changu Narayan Lesser Shrines,875,Small sacred sites around the main Changu Narayan Temple.
542,Chhahare Waterfall,123,Refreshing waterfall set amidst lush forest.
543,Chisapani,258,Hilltop trekking stop with panoramic mountain views.
544,Chitwan National Park,159,"Famous wildlife park with rhinos, tigers, and birdwatching."
545,Dakshinkali Temple,357,Revered temple dedicated to Goddess Kali near Kathmandu.
546,Dhading Hidden Village Trail,654,Trekking route through authentic rural Himalayan villages.
547,Dhulikhel,321,Hill town offering stunning views of the Himalayas and cultural experiences.
548,Dhulikhel Viewpoint,987,Scenic spot for sunrise and mountain vistas.
549,Gosaikunda Lesser Spots,654,Smaller lakes and holy sites around Gosaikunda Lake.
550,Kaleshwor Mahadev Temple,125,Historic temple perched in scenic hilltop location.
551,Kalinchowk Bhagwati,136,Famous hilltop temple with Himalayan panorama.
552,Kamalamai Temple,652,Revered religious site in Makwanpur attracting pilgrims.
553,Kathmandu,250,"Capital city blending history, culture, and vibrant urban life."
554,Kulekhani Dam & Reservoir,350,Scenic water body ideal for boating and birdwatching.
555,Langtang Upper Trek,330,Trekking route offering alpine landscapes and remote villages.
556,Lele Village,700,Traditional Newar village with agricultural charm.
557,Local Hilltop Viewpoints (Chapagaun/Lalitpur),750,Quiet spots for panoramic Kathmandu Valley views.
558,Mahankal Temple,1000,Historic hilltop temple with religious significance.
559,Nagadesh Temple,980,Local temple set amidst serene rural surroundings.
560,Nagarkot Viewpoint,900,Famous viewpoint offering Himalayan sunrise views.
561,Netra Lake,500,Peaceful lake perfect for relaxation and photography.
562,Pharping,600,Spiritual area with Buddhist monasteries and meditation centers.
563,Rasuwa,369,Himalayan border district with trekking trails and cultural sites.
564,Rasuwagadhi Fort,700,Historic fort at the Nepal-China border with scenic views.
565,Rolwaling Valley,500,Remote Himalayan valley ideal for trekking and adventure.
566,Sangachok Village,400,Traditional village with scenic surroundings and cultural charm.
567,Sankhu,450,Ancient Newar town with historic temples and cobbled streets.
568,Seto Machhendranath Temple,650,Major temple in Patan associated with local festivals.
569,Shivapuri Nagarjun National Park,900,"Biodiverse park ideal for trekking, wildlife, and nature walks."
570,Siddhi Ganesh Temple,875,Revered temple dedicated to Lord Ganesh in Kathmandu Valley.
571,Sindhuligadhi,123,Historic fort with panoramic views of surrounding hills.
572,Thimi,258,Heritage town known for pottery and traditional Newar lifestyle.
573,Bharatpur,159,Gateway city to Chitwan National Park and wildlife tours.
574,Jayamangala (Ratnanagar area),357,Local town with community markets and rural charm.
575,Krishna Pranami Temple,654,Spiritual temple dedicated to Lord Krishna with active worship.
576,Panchakanya Mandir,321,Religious site attracting devotees from surrounding villages.
577,Chisapani Mandir,987,Small hilltop temple popular with trekkers and locals.
578,Ratnanagar,654,"Town in Chitwan District, known for agriculture and local trade."
579,Khairahani,125,Peaceful town surrounded by farmland in Chitwan District.
580,Korak,136,Rural village with natural scenery and traditional lifestyle.
581,Bandipur,652,Scenic hilltop town with preserved Newari architecture and Himalayan views.
582,Nilkantha,250,Town in Dhading offering cultural experiences and river views.
583,Dhuwakot,350,Small village with serene surroundings and trekking access.
584,Deurali Danda,330,Hilltop area perfect for sunrise and mountain panoramas.
585,Vagerachuli,700,Rural area with natural beauty and traditional lifestyle.
586,Semjong,750,Quiet village ideal for experiencing rural Nepal.
587,Barsunchet,1000,Small settlement with scenic landscapes and farming culture.
588,Bungtang,980,Peaceful Himalayan village known for trekking and remote beauty.
589,Deurali,900,Remote mountain settlement offering Himalayan views.
590,Tupche,500,Traditional village with trekking access and serene landscapes.
591,Chappthoke,600,Small rural village with serene landscapes and traditional lifestyle.
592,Pokhari Gaun,369,Scenic village centered around a peaceful pond.
593,Champani Gaun,700,Hilltop settlement with panoramic mountain and valley views.
594,Yarsa,500,Remote village known for natural beauty and local culture.
595,Urleni (Helambu area),400,"Charming village in Helambu, ideal for trekking and cultural experiences."
596,Shikharbesi (Nuwakot),450,Gateway village for hiking trails and Himalayan vistas.
597,Ghyangphedi,650,Peaceful rural community with traditional farming practices.
598,Helambu,900,Popular trekking region with stunning scenery and Sherpa villages.
599,Bhotang,875,Traditional hill village offering cultural authenticity and scenic views.
600,Pachpokhari,123,Village famous for its five sacred ponds and religious significance.
601,Phurbi Chyachu,258,Himalayan settlement ideal for trekking and local culture immersion.
602,Tatopani (Sindhupalchok),159,Hot spring destination and scenic riverside village.
603,Kodari,357,Border town connecting Nepal to Tibet with cultural and trade significance.
604,Phulpingkatti,654,Remote village with pristine natural surroundings.
605,Bigu,321,High-altitude settlement in Helambu offering trekking and local hospitality.
606,Singati,987,Rural town in Ramechhap with access to trekking routes.
607,Suri,654,Quiet village with traditional lifestyles and farming.
608,Jhyaku,125,Small settlement known for its natural scenery.
609,Gorpang,136,Himalayan village offering serene landscapes and trekking access.
610,Lamidada,652,Peaceful village with scenic views of surrounding hills.
611,Jiri,250,Famous starting point for Everest treks with historical significance.
612,Rasnalu,350,Traditional village in Ramechhap with agricultural roots.
613,Gupteshwor (Ramechhap),330,Sacred site featuring temples and local pilgrimage.
614,Ramechhap (HQ),700,Administrative center with markets and local culture.
615,Rampur (Ramechhap),750,Scenic town along trade routes with rural charm.
616,Himganga,1000,Mountain settlement ideal for trekking and adventure activities.
617,Melamchi,980,River town known for water projects and Himalayan scenery.
618,Sipalkavre,900,Village surrounded by hills with a peaceful ambiance.
619,Chhiku,500,Remote settlement with trekking access and natural beauty.
620,Sindurche,600,Rural community with authentic mountain lifestyle.
621,Gunsakot,369,Scenic hilltop village with panoramic Himalayan views.
622,Golche,700,Remote settlement known for peaceful landscapes.
623,Pangtang,500,Traditional mountain village ideal for trekking experiences.
624,Nampha,400,Quiet village offering serene natural surroundings.
625,Budhanilkantha,450,Famous for the reclining Vishnu statue and religious significance.
626,Gokarneshwor,650,Sacred area with temples and spiritual landmarks.
627,Bajrayogini Temple,900,Important pilgrimage site in the hills near Kathmandu.
628,Sundarijal Waterfall,875,Scenic waterfall and popular trekking starting point.
629,Salinadi Temple,123,Local temple revered by nearby communities.
630,Banepa,258,"Historical town with temples, markets, and cultural heritage."
631,Dhulikhel,159,Hill town offering Himalayan views and traditional culture.
632,Namobuddha,357,Peaceful Buddhist monastery with scenic surroundings.
633,Dapcha Chhatrebangh,654,Small village known for traditional Newar culture.
634,Panchkhal,321,Valley town with agricultural landscapes and scenic beauty.
635,Dolalghat,987,"Town along the Sun Koshi River, popular for rafting and hiking."
636,Phalate (Bhumlu),654,Quiet village with natural charm and rural lifestyle.
637,Bhumlutar,125,Scenic village in Bhumlu valley with farmland views.
638,Saping,136,Village in Kavre with traditional farming and cultural life.
639,Kalika (Kavre),652,Sacred temple site amidst scenic hill landscapes.
640,Sunkhani,250,Rural village known for agricultural practices and peaceful surroundings.
641,Timure,350,"Himalayan border village near Tibet, starting point for trekking."
642,Chitlang,330,Traditional Newar village with historical and cultural significance.
643,Markhu,700,Small hill village ideal for nature walks and local culture.
644,Fakhel,750,Rural settlement with scenic mountain views.
645,Dakshinkali,1000,Famous temple dedicated to Goddess Kali near Kathmandu.
646,Bungamati,980,Heritage Newar village known for woodcarving and temples.
647,Chhampi,900,Small village offering tranquility and rural charm.
648,Tahakhel,500,Remote settlement with natural beauty and traditional life.
649,Maneshwor Mahadev Temple,600,Hilltop temple with religious significance.
650,Dandagaun,369,Scenic village with mountain views and farming communities.
651,Badikhel,700,Rural Newar village known for traditions and culture.
652,Godawari,500,"Area with botanical gardens, temples, and serene surroundings."
653,Chapakharka,400,"Peaceful settlement in the hills, ideal for trekking."
654,Ryale,450,Quiet village with scenic landscapes.
655,Mahendrajyoti,650,Rural area with panoramic views of surrounding hills.
656,Ugratara Janagal,900,Sacred site known for local worship practices.
657,Nala Ugrachandi,875,Village with temples and cultural significance.
658,Devitar,123,Religious site and peaceful rural settlement.
659,Nakhipot,258,Suburban area with cultural heritage and natural surroundings.
660,Madhyapur Thimi,159,Historic Newar town known for pottery and culture.
661,Mulpani,357,Village with access to hills and trekking routes.
662,Nayapati,654,Quiet village with agricultural landscapes.
663,Aalapot,321,Small hill settlement with serene environment.
664,Mulkharka,987,Remote village offering mountain views and tranquility.
665,Dhunche,654,"Gateway town to Langtang National Park, trekking hub."
666,Bharkhu,125,Rural mountain village with traditional lifestyle.
667,Chandanbari,136,Scenic hill settlement with peaceful surroundings.
668,Mukharka,652,Traditional village nestled in the hills.
669,Sherpagaon,250,Sherpa village offering Himalayan trekking experiences.
670,Khangjim,350,Small rural settlement with panoramic hill views.
671,Bhalche,330,Village in Kavre known for farming and scenic beauty.
672,Fikuri,700,Quiet mountain village with authentic rural life.
673,Archale,750,Traditional village surrounded by hills and farmland.
674,Laharepauwa,1000,Hilltop settlement offering trekking access and scenic views.
675,Kumpur,980,Rural village with peaceful natural surroundings.
676,Adamtar,900,Small village with serene environment and agriculture.
677,Belinitar,500,Quiet rural settlement in Kavre district.
678,Bhutiya,600,Mountain village offering trekking opportunities and natural beauty.
679,Taruka,369,Historic village with temples and cultural significance.
680,Gorsyang,700,Remote hill village with scenic landscapes.
681,Charghare,500,Small settlement with traditional farming lifestyle.
682,Gerkhu,400,Peaceful mountain village with panoramic views.
683,Haldekalika,450,Hilltop temple site with surrounding natural beauty.
684,Hiramanitar,650,Remote village with serene surroundings and farmland.
685,Ramche,900,Rural settlement with trekking access and mountain vistas.
686,Thuman,875,Small village in Kavre with agricultural charm.
687,Rasua,123,Mountain border area known for trekking routes.
688,Rasuwagadhi,258,Historic fort at the Nepal-China border with scenic views.
689,Chilime,159,Small settlement known for hydroelectric projects and river scenery.
690,Saramthali,357,Quiet rural village with natural surroundings and traditional lifestyle.
691,Doglang,654,Remote village with serene Himalayan landscapes and trekking access.
692,Old Langtang Village,321,"Historic village rebuilt after the earthquake, with stunning mountain views."
693,Tsangbu Ri,987,Mountain peak offering challenging trekking and panoramic vistas.
694,Raksirang,654,Rural village with peaceful landscapes and traditional farming.
695,Bharta Pundyadevi,125,Scenic village surrounded by hills and forested areas.
696,Gogane,136,Hilltop village known for panoramic views and local culture.
697,Agara,652,Quiet settlement with authentic rural lifestyle.
698,Tasarpu,250,Village offering serene natural surroundings and trekking opportunities.
699,Kewalpur,350,Small community with agricultural focus and calm environment.
700,Jeewanpur,330,Rural village with scenic surroundings and local traditions.
701,Chhatre Deurali,700,Hill settlement providing trekking access and Himalayan views.
702,Mudkhu,750,Remote village with picturesque landscapes and peaceful ambiance.
703,Okharpauwa,1000,Traditional village known for agriculture and mountain views.
704,Kakani,980,Popular hill station offering panoramic Himalayan vistas.
705,Bhadratar,900,Scenic village with serene hills and forests nearby.
706,Kharanitar,500,Rural settlement with panoramic views and natural beauty.
707,Likhu (generic),600,Village along the Likhu River valley with scenic surroundings.
708,Talakhu,369,Peaceful village with local temples and mountain views.
709,Gajuri,700,Town with agricultural lands and access to surrounding hills.
710,Chuwabote Gaun,500,Quiet hill village with scenic landscapes.
711,Jyamrung,400,Village known for riverside scenery and peaceful environment.
712,Katunge,450,Small settlement offering traditional Himalayan culture.
713,Gokarneshwor Temple,650,Famous religious site near Kathmandu with spiritual significance.
714,Tripureswor,900,Historic temple complex in Kathmandu with cultural importance.
715,Salyankot,875,Hilltop area offering trekking routes and panoramic views.
716,Mahavir,123,Village with religious significance and scenic surroundings.
717,Vharse Pokhari,258,Serene pond area in a rural setting.
718,Gangajamuna,159,Scenic waterfall and river area in the hills.
719,Gumdi,357,Peaceful rural settlement with natural surroundings.
720,Khaniyanbas,654,Small village offering calm rural life and farmland views.
721,Satyadevi Mandir,321,Hilltop temple attracting local devotees.
722,Kintang,987,Village with agricultural lands and panoramic views.
723,Salme,654,Remote settlement with natural surroundings and tranquility.
724,Bhalche,125,Hilltop village offering peaceful landscapes.
725,Kaule,136,Rural village with traditional lifestyle and farming.
726,Fikuri,652,Scenic settlement with panoramic mountain views.
727,Jibjibe,250,Small village surrounded by hills and farmland.
728,Bhorle,350,Peaceful rural area with agricultural lands.
729,Jharlang,330,Village with access to trekking and natural landscapes.
730,Hetauda,700,Industrial city surrounded by hills and rivers.
731,Sukaura,750,Quiet village in the hills with serene surroundings.
732,Lattaramveshwar Mahadev Temple,1000,Hilltop temple dedicated to Lord Shiva.
733,Ichankhu Narayan,980,Historical temple complex near Kathmandu Valley.
734,Harnamadi,900,Small village with peaceful natural surroundings.
735,Shreepur Chhatiwan,500,Rural settlement with agricultural landscape.
736,Gundu,600,Suburban area near Kathmandu with cultural and natural attractions.
737,Manthali,369,District headquarters with town facilities and rural surroundings.
738,Asrang,700,Quiet village with traditional lifestyle and scenic views.
739,Chamere Cave,500,Natural cave known for exploration and local legends.
740,Gotikhel,400,"Village with hills, trekking paths, and cultural heritage."
741,Kaleshwor,450,Scenic temple area on a hilltop with panoramic views.
742,Chyamrang Besi,650,Riverside village with calm environment and farming communities.
743,Tin Tale Waterfall,900,Picturesque waterfall ideal for nature photography.
744,Manikhel,875,Hill village offering serene surroundings and local culture.
745,Kalanti,123,Rural settlement with agricultural lands and scenic landscapes.
746,Malpi,258,Village with traditional lifestyle and peaceful environment.
747,KapalKot,159,Historic site with hilltop views and cultural significance.
748,Mahendrajyoti,357,Scenic hill area with panoramic views of surrounding valleys.
749,Baramchi,654,Peaceful village with natural beauty and rural charm.
750,Mankha,321,Remote village offering tranquility and mountain views.
751,Maneshwor,987,Small settlement with temples and traditional community life.
752,Yalmu Waterfall,654,Refreshing waterfall set in serene forested surroundings.
753,Gathi,125,Quiet rural village with scenic hills and farmland.
754,Marming,136,Hill village with peaceful landscapes and trekking access.
755,Dhuskun,652,Remote settlement with natural beauty and calm environment.
756,Chaukati,250,Village along a hillside with panoramic views.
757,Ghorthali,350,Scenic rural area surrounded by forests and farmland.
758,Bigu,330,Himalayan settlement offering trekking and mountain vistas.
759,Deudhunga Dada,700,Hilltop area with stunning sunrise and sunset views.
760,Seti Mata,750,Sacred temple site amidst natural surroundings.
761,Kalinchowk Bhagawati Temple,1000,Famous hilltop temple with Himalayan panoramas.
762,Gairabari,980,Peaceful village with traditional lifestyle and farmland.
763,Betechhap,900,Rural settlement with calm natural surroundings.
764,Lisankhu,500,Remote village with scenic hills and cultural charm.
765,Attarpur,600,Small village with agricultural landscape.
766,Baghkhor,369,Hill village with temples and scenic surroundings.
767,Aahaldanda,700,Quiet hilltop settlement offering panoramic views.
768,Jiri,500,Gateway town to Everest region with historical significance.
769,Chuchure,400,Small rural village with peaceful environment.
770,Harisiddhi,450,Temple site surrounded by local community and greenery.
771,Siddhipur,650,Traditional Newar town famous for pottery and culture.
772,Lubhu,900,Heritage village with preserved Newar architecture.
773,Dadhikot,875,Village with temples and scenic rural surroundings.
774,Gundu Chaur,123,Open rural area with peaceful landscapes.
775,Ranikot,258,Remote village with mountain vistas and natural beauty.
776,Sirandada,159,Hilltop settlement offering panoramic views.
777,Ghyampe Danda,357,Elevated village ideal for mountain vistas and hiking.
778,Nangkhel,654,Quiet village with farmland and surrounding hills.
779,Bhainsepati,321,Suburban area with cultural heritage and scenic views.
780,Dhunkharka,987,Rural settlement with forested surroundings.
781,Tindhare Jharana,654,Beautiful waterfall nestled in natural scenery.
782,Patlekhet,125,Peaceful village with traditional rural lifestyle.
783,TinPiple,136,Small hilltop settlement offering serene views.
784,Dulalthok,652,Quiet village with farmland and surrounding hills.
785,Panchkhal,250,Valley town with scenic landscapes and cultural sites.
786,Jyamdi Mandan,350,Rural settlement with agricultural lifestyle.
787,Phalante,330,Small village with peaceful surroundings.
788,Panichaur,700,Serene rural area with lush greenery.
789,Bethan,750,Traditional village with natural surroundings and farming.
790,Madan Kundari,1000,Hill settlement with temples and panoramic views.
791,Gunsi Bhadaure,980,Peaceful hill village with traditional farming and scenic surroundings.
792,Tokarpur,900,Small settlement offering serene rural landscapes.
793,Katakuti,500,Remote village with natural beauty and traditional lifestyle.
794,Bhusapheda,600,Quiet village nestled among hills and forests.
795,Marming,369,Hill village with trekking access and panoramic views.
796,Tauthali,700,Scenic rural settlement with cultural significance.
797,Piskar,500,Small village with peaceful surroundings and farmland.
798,Kharidhunga,400,Elevated settlement offering mountain vistas.
799,Nalang,450,Riverside village with natural beauty and local charm.
800,Bungchung,650,Remote hill village with scenic landscapes.
801,Dovantar,900,Traditional village surrounded by hills and forests.
802,Sasaha,875,Quiet settlement offering tranquility and natural surroundings.
803,Murali Bhanjyang,123,Hilltop pass with panoramic mountain views.
804,Aansi Khola Motorable Bridge,258,Important river crossing with scenic surroundings.
805,Sunkhani,159,Valley village known for agriculture and peaceful environment.
806,Golabhanjyang,357,Hilltop settlement with panoramic views.
807,Jyamrung,654,Riverside village with traditional lifestyle and calm environment.
808,Katunge,321,Small village offering rural charm and scenic surroundings.
809,Phulkharka,987,Village with open fields and mountain views.
810,Budhathum,654,Traditional hill village surrounded by forests.
811,Mulpani,125,Suburban village near Kathmandu with natural and cultural attractions.
812,Sangkosh,136,Riverside area with beautiful natural surroundings.
813,Sertung,652,Peaceful village with scenic landscapes.
814,Babil Waterfall,250,Picturesque waterfall in a serene forested setting.
815,Borang,350,Small village with panoramic views and traditional lifestyle.
816,Kalo Daha Mhane,330,Scenic lake area ideal for relaxation and photography.
817,Pusu Wala Kharka,700,High-altitude pasture with beautiful mountain scenery.
818,Pabil,750,Quiet rural settlement surrounded by hills and greenery.
819,Dhunche,1000,"Gateway town to Langtang National Park, popular for trekking."
820,Chandanbari,980,Peaceful hill village with panoramic views.
821,Lauri Binayak,900,Hilltop temple area with spiritual significance.
822,Gaunkharka,500,Traditional village with scenic landscapes.
823,Sursing Waterfall,600,Serene waterfall in a lush natural setting.
824,MaginGoth,369,Remote hill village with calm surroundings.
825,Thakani,700,Small settlement with traditional lifestyle and natural beauty.
826,Talramarang,500,Scenic village offering panoramic hill views.
827,Dubachaur,400,Peaceful rural settlement with farmland and forests.
828,Tipeni,450,Village with scenic surroundings and calm environment.
829,Sikharpur,650,Elevated village with panoramic mountain vistas.
830,Dolalghat,900,"Town along Sun Koshi River, popular for rafting and trekking."
831,Phalate Bhumlu,875,Quiet village in the Bhumlu valley with natural charm.
832,Chaubas,123,Riverside town with cultural and natural attractions.
833,Sanowangthali,258,Small village with peaceful rural surroundings.
834,Bangthali,159,Traditional village in hilly terrain with scenic beauty.
835,Dhumthang,357,Rural settlement offering tranquility and mountain views.
836,Nitya Chandeshwor,654,Sacred temple site amidst serene surroundings.
837,Mahendrajyoti,321,Hilltop area offering panoramic views of surrounding valleys.
838,Gairi Gaun,987,Small village surrounded by hills and farmland.
839,Kursi Dada,654,Elevated village with panoramic mountain views.
840,Batase Dada,125,Hilltop settlement with scenic landscapes.
841,Rolling Batase Hills,136,Undulating hills ideal for trekking and nature walks.
842,Judlee,652,Quiet rural village with farmland and natural surroundings.
843,Thadobato,250,Peaceful village with traditional farming lifestyle.
844,Fulchoki Mandir (Basnet Gau),350,Hilltop temple with panoramic views.
845,Sansari Devi Temple,330,Sacred temple set amidst serene natural surroundings.
846,Dhaneshwor,700,Temple site and peaceful rural area.
847,Nagai Dhunga,750,Sacred stone site with cultural significance.
848,Dhaneshwor Mahadev Temple,1000,Hilltop temple dedicated to Lord Shiva.
849,Bogati Gaun,980,Village with panoramic views and traditional culture.
850,Shreekhandpur,900,Heritage village with temples and rural charm.
851,Devisthan (Laa Than Pata),500,Sacred site with peaceful natural surroundings.
852,Shrikhandapur Bindhabasini Temple,600,Important religious site in Shreekhandpur.
853,Salle Panuati,369,Quiet hill village with scenic surroundings.
854,Talu Dadha,700,Scenic hilltop area with panoramic views.
855,Chature Village,500,Traditional rural settlement surrounded by farmland.
856,Lukeko Dada,400,Hilltop village with panoramic landscapes.
857,Ashapuri Mahadev,450,Temple site dedicated to Lord Shiva in a serene setting.
858,Dhad Gaun,650,Remote village with peaceful surroundings and farmland.
859,Seti Devi,900,Sacred hilltop temple with scenic views.
860,Kotthumka,875,Village surrounded by hills and forests.
861,Raut Gaun,123,Traditional hill village with rural charm.
862,Chittapol,258,Small settlement with scenic landscapes.
863,Soche,159,Quiet village with natural beauty and farmland.
864,Kakhbari,357,Rural village offering panoramic views and tranquility.
865,Bairikhel,654,Small settlement with calm surroundings and farmland.
866,Ghyampe Danda Mountain Bike Trails,321,Hill area popular for mountain biking and adventure.
867,Pilot Baba Ashram,987,Spiritual retreat in a peaceful setting.
868,Field of Green,654,Open rural area with lush greenery and scenic beauty.
869,Tarakeshwor Mahadev Temple,125,Sacred hilltop temple dedicated to Lord Shiva.
870,Samakhusi,136,Suburban area near Kathmandu with cultural and natural attractions.
871,Boharatar,652,Village with peaceful surroundings and farmland.
872,Jamacho Gumba,250,Buddhist monastery nestled in serene hills.
873,Ichangunarayan,350,Historic temple site with cultural significance.
874,Mudkhu,330,Remote village surrounded by hills and forests.
875,Bhubaneshwori Temple,700,Sacred temple set in a peaceful environment.
876,Okharpauwa,750,Traditional hill village with panoramic views.
877,Kakani,1000,Popular hill station with panoramic Himalayan vistas.
878,Lauke Waterfall,980,Picturesque waterfall in a serene natural setting.
879,Nuwakot,900,"Historical town with fort, temples, and panoramic views."
880,Bidur,500,Small town with local markets and hill scenery.
881,Duipipal,600,Rural settlement with farming lifestyle and hills.
882,Chepang Gaun,369,Indigenous village showcasing Chepang culture.
883,Baglung Bazaar,700,Market town with scenic surroundings and local culture.
884,Panchakot,500,Village with agricultural lands and panoramic views.
885,Bihun,400,Hill village with peaceful surroundings and rural lifestyle.
886,Nishi,450,Small settlement with traditional lifestyle and scenic landscapes.
887,Bhakunde,650,Village in hilly terrain with serene environment.
888,Arthar Dandakharka,900,Remote hilltop settlement with panoramic views.
889,Lekhphant,875,Scenic rural village surrounded by hills.
890,Kusma,123,Riverside town with suspension bridge and natural beauty.
891,Pokhara,258,"Scenic city surrounded by mountains, lakes, and adventure tourism spots."
892,Sarangkot,159,Popular hilltop viewpoint for sunrise and Himalayan panoramas.
893,Ghandruk,357,Traditional Gurung village with cultural charm and trekking access.
894,Dhampus,654,Picturesque village with stunning Annapurna range views.
895,Lwang Ghalel,321,Remote village with serene landscapes and local culture.
896,Ghale Gaun,987,Quiet Gurung settlement known for homestays and mountain views.
897,Bhujung,654,Traditional village with terraced fields and Annapurna views.
898,Rainaskot,125,Hilltop settlement offering panoramic mountain vistas.
899,Lamjung Himal Viewpoint,136,Scenic viewpoint with Himalayan panoramas.
900,Gorkha Bazaar,652,Historical town famous for Gorkha Palace and culture.
901,Manakamana,125,"Sacred temple accessible by cable car, devoted to Goddess Bhagwati."
902,Barpak,136,Cultural Gurung village with panoramic Himalayan views.
903,Laprak,652,Traditional village showcasing local architecture and rural lifestyle.
904,Manang Bazaar,250,Town in Annapurna region with trekking access and high-altitude culture.
905,Braga,350,Hilltop settlement with Tibetan cultural influence.
906,Khangsar,330,Remote village with breathtaking mountain landscapes.
907,Jomsom,700,Gateway town to Upper Mustang and trekking trails.
908,Lo Manthang,750,Ancient walled city with Tibetan Buddhist heritage.
909,Muktinath,1000,Sacred pilgrimage site for Hindus and Buddhists.
910,Kagbeni,980,Traditional village along Kali Gandaki River in Upper Mustang.
911,Marpha,900,Picturesque town famous for apple orchards and local culture.
912,Beni Bazaar,500,Riverside town at the confluence of Kali Gandaki and Myagdi rivers.
913,Tatopani,600,Hot spring village popular among trekkers.
914,Babiyachaur,369,Quiet rural settlement in hilly terrain.
915,Dhorpatan,700,Town near Dhorpatan Hunting Reserve with natural beauty.
916,Devghat,500,Religious and cultural site at the confluence of Gandaki and Trishuli rivers.
917,Kawasoti,400,Riverside town with cultural significance in Nawalparasi.
918,Hupsekot,450,Small town with natural surroundings and rural lifestyle.
919,Bandipur,650,Heritage hilltop town with preserved Newari architecture.
920,Bhimad,900,Riverside town with panoramic views and cultural charm.
921,Ghalechowk,875,Scenic hilltop village with mountain vistas.
922,Damauli,123,Town at the confluence of rivers with cultural importance.
923,Arjunchaupari,258,Hilly settlement with serene landscapes.
924,Pelkachaur,159,Peaceful village with panoramic views and farmland.
925,Putalibazar,357,Commercial hub with scenic surroundings and local culture.
926,Amppipal,654,Remote village with traditional rural lifestyle.
927,Makaikhola,321,Riverside settlement in hilly terrain.
928,Chongur (Chhyokhar),987,Village with traditional culture and scenic landscapes.
929,Tangbe,654,Tibetan-influenced village with historic monasteries.
930,Majibari,125,Quiet hilltop settlement surrounded by forests.
931,Dhakmar,136,Remote village offering mountain views and tranquility.
932,Tsarang / Charang,652,Ancient Mustang villages with Tibetan heritage.
933,Yara (Yara Ghara area),125,Traditional village in Upper Mustang with local culture.
934,Luri Gompa,136,Monastery with cultural and spiritual significance.
935,Chhusang,652,Scenic village with Himalayan backdrop and cultural charm.
936,Lumbini Village Lesser Temples,250,Small temples around Lumbini with cultural and historical value.
937,Tansen,350,Historic hill town in Palpa with traditional Newari architecture.
938,Khaireni Hill Viewpoint,330,Panoramic viewpoint overlooking surrounding hills and valleys.
939,Dang Valley Minor Viewpoints,700,Scenic hills and valleys ideal for nature views.
940,Buddha Statue Viewpoint,750,Elevated spot offering great views of landscapes and statue.
941,Majhgaon Hill Lesser Viewpoints,1000,Small hilltop viewpoints with local scenic beauty.
942,Dang Offbeat Hilltop,980,Off-the-beaten-path location with panoramic views.
943,Jagatnagar Village,900,Rural settlement with traditional lifestyle.
944,Rupandehi Traditional Villages,500,Villages showcasing cultural heritage near Lumbini.
945,Ghodaghodi Lesser Villages,600,Small settlements near Ghodaghodi Lake with scenic surroundings.
946,Syangja Waterfall,369,Picturesque waterfall in Syangja district.
947,Mahendra Cave,700,Famous limestone cave with impressive stalactites.
948,Siddha Cave,500,"Large cave in Pokhara region, ideal for adventure tourists."
949,Pyuthan Micro Viewpoint,400,Scenic hill viewpoint in Pyuthan district.
950,Pyuthan,450,District town with cultural and natural attractions.
951,Bardiya,650,Gateway to Bardiya National Park with wildlife opportunities.
952,Dang,900,"Valley district with agriculture, rivers, and hill views."
953,Kothi River,875,Scenic river in Dang offering fishing and natural beauty.
954,Gaidahawa Lake,123,Tranquil lake ideal for birdwatching and relaxation.
955,Kothi Minor Temples,258,Small temples with cultural significance in Dang.
956,Ghodaghodi Lake,159,Beautiful freshwater lake with diverse wildlife.
957,Devdaha Ancient Monuments Minor Sites,357,Historical Buddhist sites in Rupandehi.
958,Tansen Lesser Waterfalls,654,Hidden waterfalls around Tansen town.
959,Arghakhanchi,321,Hilly district with scenic landscapes and cultural sites.
960,Kapilvastu,987,Birthplace of Lord Buddha with historical monuments.
961,Rupandehi,654,"District with Lumbini, cultural sites, and rural landscapes."
962,Palpa,125,"District with Tansen town, heritage, and hilltop views."
963,Bardiya Tiny Shrine,136,Small spiritual site within Bardiya National Park.
964,Dang Minor Temple,652,Small temple offering spiritual significance in Dang district.
965,Siddha Baba Temple (Butwal area),125,Popular local temple in Butwal with religious importance.
966,Tila Village (Rupandehi rural tourism example),136,Model rural tourism village with cultural experiences.
967,Rupandehi Cultural Sites (Siddharthanagar),652,Historic temples and monasteries around Siddharthanagar.
968,Kapilvastu (Tilaurakot),250,Archaeological site marking Lord Buddha’s early life.
969,Bardiya National Park,350,"Wildlife sanctuary home to tigers, rhinos, and diverse fauna."
970,Tansen (Palpa),330,Heritage town with traditional architecture and scenic hills.
971,Lumbini (Mayadevi Temple),700,"Sacred site of Lord Buddha’s birth, UNESCO World Heritage."
972,Lumbini Sacred Garden,750,Peaceful garden complex surrounding Mayadevi Temple.
973,Ramgram Stupa,1000,Ancient Buddhist stupa with cultural and historical significance.
974,Devdaha Minor Monuments,980,Archaeological remains linked to Buddha’s life.
975,Lumbini,900,Spiritual and cultural hub for pilgrims and tourists.
976,Majhgaon Waterfall,500,Scenic waterfall in rural Palpa district.
977,Tilaurakot Palace Ruins,600,Archaeological ruins of ancient palace of Kapilvastu.
978,Chitwan Riverbank Minor Spots,369,Riverside areas with local wildlife and natural beauty.
979,Barahi Temple,700,Hindu temple dedicated to Goddess Barahi.
980,Tinau River,500,"Scenic river flowing through western Nepal, ideal for fishing and recreation."
981,Butwal Cultural Area,400,Town area with local heritage and cultural attractions.
982,Maya Devi Temple,450,Sacred temple marking Lord Buddha’s birthplace in Lumbini.
983,Puskharni Pond,650,Historical pond near Lumbini temple complex.
984,Arghakhanchi,900,Hilly district with cultural and natural attractions.
985,Barahi Temple,875,Hindu temple in local community with religious importance.
986,Bardiya,123,"Gateway to national park, known for wildlife and natural scenery."
987,Bardiya National Park,258,"Protected park with rich flora and fauna, ideal for safaris."
988,Bardiya Tiny Shrine,159,Small temple offering local spiritual significance.
989,Buddha Statue Viewpoint,357,Elevated location with panoramic views and Buddha statue.
990,Butwal Cultural Area,654,Town hub with heritage sites and cultural vibrancy.
991,Chitwan Riverbank Minor Spots,321,Serene riverside areas with wildlife and scenic views.
992,Dang,987,Fertile valley district with rich culture and natural beauty.
993,Dang Minor Temple,654,Small temples offering local spiritual significance.
994,Dang Offbeat Hilltop,125,Hidden hilltop spot with panoramic views.
995,Dang Valley Minor Viewpoints,136,Scenic vantage points across Dang Valley.
996,Devdaha Ancient Monuments Minor Sites,652,Historical Buddhist sites linked to Lord Buddha.
997,Devdaha Minor Monuments,654,Small archaeological sites with cultural importance.
998,Gaidahawa Lake,321,Peaceful lake ideal for birdwatching and relaxation.
999,Ghodaghodi Lake,987,Natural freshwater lake with rich biodiversity.
1000,Ghodaghodi Lesser Villages,654,Small settlements with rural charm near Ghodaghodi Lake.
1001,Jagatnagar Village,125,Traditional village with local culture and serene landscapes.
1002,Kapilvastu,136,"Historical district, birthplace of Lord Buddha."
1003,Kapilvastu (Tilaurakot),652,Archaeological site of ancient palace of Lord Buddha.
1004,Khaireni Hill Viewpoint,250,Scenic hilltop with panoramic valley views.
1005,Kothi Minor Temples,350,Small temples with local spiritual significance.
1006,Kothi River,330,Scenic river flowing through Dang with recreational opportunities.
1007,Lumbini,700,UNESCO World Heritage site and birthplace of Lord Buddha.
1008,Lumbini (Mayadevi Temple),750,Sacred temple marking Buddha’s birthplace.
1009,Lumbini Sacred Garden,1000,Peaceful garden complex surrounding Mayadevi Temple.
1010,Lumbini Village Lesser Temples,980,Smaller temples showcasing local religious practices.
1011,Mahendra Cave,900,Limestone cave with impressive stalactites near Pokhara.
1012,Majhgaon Hill Lesser Viewpoints,500,Small hilltop spots with panoramic views.
1013,Majhgaon Waterfall,600,Picturesque waterfall surrounded by lush greenery.
1014,Maya Devi Temple,369,Important temple in Lumbini marking Buddha’s birth.
1015,Palpa,700,"Hilly district known for Tansen, heritage, and scenic landscapes."
1016,Puskharni Pond,500,Historical pond near Lumbini temple complex.
1017,Pyuthan,400,"Rural district with hills, rivers, and cultural attractions."
1018,Pyuthan Micro Viewpoint,450,Small scenic viewpoint in Pyuthan district.
1019,Ramgram Stupa,650,Ancient Buddhist stupa with historical and spiritual importance.
1020,Rupa Lake (near Pokhara / boundary),900,Quiet lake popular for boating and relaxation.
1021,Rupandehi,875,District with Lumbini and rural cultural sites.
1022,Rupandehi Cultural Sites (Siddharthanagar),123,Heritage temples and monasteries in Siddharthanagar.
1023,Rupandehi Traditional Villages,258,Villages showcasing rural culture near Lumbini.
1024,Siddha Baba Temple (Butwal area),159,Popular local temple with religious importance.
1025,Siddha Cave,357,"Large cave in Pokhara region, ideal for exploration."
1026,Syangja Waterfall,654,Scenic waterfall set amidst lush hills.
1027,Tansen,654,Heritage hill town with Newari architecture and cultural richness.
1028,Tansen (Palpa),321,"Town famous for traditional streets, culture, and hill views."
1029,Tansen Lesser Waterfalls,987,Small hidden waterfalls around Tansen.
1030,Tila Village (Rupandehi rural tourism example),654,Example of rural tourism with cultural experiences.
1031,Tilaurakot Palace Ruins,125,Archaeological site of ancient palace of Lord Buddha.
1032,Tinau River,136,Scenic river ideal for recreation and fishing.
1033,Kamal Pokhari,652,Serene pond surrounded by natural beauty.
1034,Kamal Dah,250,Small water body popular for local visitors.
1035,Deurali Cave,350,Limestone cave offering exploration and adventure.
1036,Jogidanda,330,Quiet hillside village with rural charm.
1037,Rangsi,700,Peaceful rural settlement with scenic landscapes.
1038,Jang,750,Remote village known for natural beauty and traditional lifestyle.
1039,Hukam,1000,Small village with local culture and agricultural fields.
1040,Sundah,980,Rural hill settlement surrounded by forested areas.
1041,Sisne,900,Village with panoramic hilltop views and tranquility.
1042,Thawang,500,Traditional settlement in hilly terrain with cultural significance.
1043,Rujikhola,600,Scenic river with surrounding natural landscapes.
1044,Naribang,369,Rural village with serene environment and local life.
1045,Tulsipur,700,Town in Dang Valley with cultural and commercial significance.
1046,Beljhundi,500,Quiet rural settlement with natural surroundings.
1047,Dudhras,400,Small village with agricultural landscapes.
1048,Khaira,450,Hilltop settlement offering picturesque views.
1049,Bangaun,650,Traditional village with local culture and peaceful surroundings.
1050,Narayanpur,900,Riverside village with scenic landscapes.
1051,Nayagaun,875,Rural village with hill and farmland views.
1052,Okharkot,123,Historic village with fort ruins and panoramic views.
1053,Bandikot,258,Hilly settlement with traditional lifestyle and scenic charm.
1054,Mayalpokhari,159,Tranquil pond with surrounding natural beauty.
1055,Sirseni,357,Small village with peaceful rural environment.
1056,Dhamir,654,Remote settlement with serene landscapes.
1057,Arje,1000,Rural village with agricultural and scenic surroundings.
1058,Chhapahile,980,Quiet village offering panoramic hill views.
1059,Neta,900,Rural settlement with hills and farmland.
1060,Gwalichaur,500,Village with traditional lifestyle and scenic backdrop.
1061,Malagiri,600,Hilly region with forests and scenic vistas.
1062,Narikot,369,Hilltop village with fortress ruins and mountain views.
1063,Majhakot,700,Remote hilly settlement with natural beauty.
1064,Loharpani,500,Small village with water resources and rural charm.
1065,Syuja,400,Rural village surrounded by hills and farmlands.
1066,Tripur,450,Hilly settlement with peaceful rural lifestyle.
1067,Manpur,650,Quiet village with scenic views of surrounding hills.
1068,Phulbari,900,Rural village with flower fields and natural scenery.
1069,Goltakuri,875,Small settlement with agricultural landscape.
1070,Bejapur,123,Peaceful rural village with natural surroundings.
1071,Narainapur,258,Village with traditional houses and local culture.
1072,Matahiya,159,Rural settlement with greenery and tranquility.
1073,Gangapur,357,Small town with cultural and local significance.
1074,Holiya,654,Village with hills and rivers nearby.
1075,Betahani,321,Rural area with natural landscapes and farming fields.
1076,Puraina,987,Peaceful settlement with traditional lifestyle.
1077,Nepalgunj,654,Commercial city near the Indian border with cultural diversity.
1078,Kalika,125,Village with temple and hilltop views.
1079,Munalbasti,136,Rural settlement with agricultural surroundings.
1080,Ganeshpur,652,Village with temple dedicated to Lord Ganesh.
1081,Mahamadpur,250,Rural area with agricultural fields and small settlements.
1082,Gulariya,350,Town near Bardiya National Park with local commerce.
1083,Aashapur Pakadia,330,Small village with scenic countryside.
1084,Bansagadhi,700,Town with natural surroundings and access to rivers.
1085,Baniyabhar,750,Village with agricultural land and rural charm.
1086,Padanaha,1000,Quiet riverside settlement.
1087,Bela,980,Village with serene environment and farmland.
1088,Dhodhari,900,Hilly village with peaceful surroundings.
1089,Suryapatawa,500,Rural area with hills and rivers nearby.
1090,Khairi Chandanpur,600,Settlement with cultural significance and rural landscape.
1091,Manau,369,Small town with local culture and peaceful rural surroundings.
1092,Kohalpur,700,Busy town in Banke district with local markets and connectivity.
1093,Babai,500,Riverside area known for natural beauty and serene environment.
1094,Kabhrechaur,400,Hilly village with traditional lifestyle and scenic views.
1095,Sahare,450,Rural settlement surrounded by farmland and greenery.
1096,Dasarathpur,650,Small village with cultural significance and local charm.
1097,Ramghat,900,Riverside area ideal for relaxation and local fishing.
1098,Satakhani,875,Hill village with panoramic views of surrounding valleys.
1099,Uttarganga,123,Village with agricultural landscapes and rural tranquility.
1100,Hariharpur,258,Traditional settlement with local temples and farmland.
1101,Ranighat,159,Historical site with ruins and scenic landscapes.
1102,Sunwal,357,Town with cultural sites and access to nearby rivers.
1103,Siddharthanagar,654,Gateway to Lumbini with commercial and cultural attractions.
1104,Bisunpura,321,Quiet village with lush greenery and agricultural fields.
1105,Rudrapur,987,Riverside village with small temples and local markets.
1106,Balarampur,654,Rural town with traditional lifestyle and hill views.
1107,Limi,125,Remote Himalayan valley with stunning landscapes and Tibetan culture.
1108,Hepka,136,Small high-altitude village with traditional Tibetan lifestyle.
1109,Muchu,652,Remote settlement with trekking access and Himalayan scenery.
1110,Simikot,250,Gateway to Humla trekking region with local markets and mountains.
1111,Raha,350,Small Himalayan village with serene surroundings.
1112,Bhandarlek,330,"Village with rivers and farmland, ideal for rural exploration."
1113,Kharpunath,700,Remote hilly settlement near the Tibetan border.
1114,Mangri,750,Peaceful village with traditional culture and mountain views.
1115,Mugu,500,District known for Rara Lake and high-altitude landscapes.
1116,Shreenagar,400,Rural settlement with local culture and farmland.
1117,Maila,450,Small village in hilly terrain with traditional lifestyle.
1118,Birat,650,Scenic village with agricultural landscapes.
1119,Kalai,900,Rural settlement with rivers and traditional culture.
1120,Rara,875,"Famous for Rara Lake, the largest lake in Nepal, and surrounding national park."
1121,Chandannath,123,Town near Rara Lake with local market and traditional charm.
1122,Shey Phoksundo NP,258,Stunning national park with turquoise lakes and Himalayan peaks.
1123,Kanjeralwa,159,Remote area with traditional village life and mountain views.
1124,Phoksundo,357,Beautiful lake area within Shey Phoksundo National Park.
1125,Dho,654,Small village with scenic surroundings in Dolpa district.
1126,Lawan,321,Hilltop settlement with panoramic mountain views.
1127,Jufai,987,Quiet village surrounded by forests and hills.
1128,Dunai,654,District headquarters of Dolpa with cultural and natural attractions.
1129,Hiunchuli,125,Himalayan peak offering trekking and mountaineering experiences.
1130,Sakala,136,Village with traditional lifestyle and natural scenery.
1131,Guthichaur,652,Rural settlement with hilly terrain and local culture.
1132,Manma,250,Administrative center of Kalikot district with markets and local services.
1133,Saldang,350,Remote high-altitude village with Tibetan culture.
1134,Tinje,330,Himalayan village with trekking access and scenic landscapes.
1135,Bhalu Lek,700,Small settlement with forests and mountain views.
1136,Dullu,750,Historic town with cultural significance and hilltop views.
1137,Narayan Municipality,1000,District headquarters with temples and local markets.
1138,Daha,980,Village with serene rural landscapes.
1139,Hiunchuli Patan,900,Scenic settlement near Hiunchuli peak.
1140,Khalanga,500,District headquarters with administrative and cultural importance.
1141,Jhula,600,Riverside village with scenic views and local life.
1142,Sima,369,Hilltop settlement with traditional Himalayan culture.
1143,Birendranagar,700,Capital of Surkhet district with markets and access to hills.
1144,Babiyachaur,500,Rural village with peaceful surroundings.
1145,Sharada,400,"Village with forests, hills, and local culture."
1146,Bulbule Lake,450,Picturesque lake near Pokhara popular for relaxation.
1147,Sinja Valley,650,Historic valley known as the birthplace of the Nepali language.
1148,Panchakoshi Area,900,Sacred pilgrimage route with religious significance.
1149,Kakrebihar,875,Ancient Buddhist monastery with historic architecture.
1150,Bheri River,123,Scenic river ideal for rafting and fishing.
1151,Chhayanath Rara,258,Gateway area to Rara Lake with cultural and natural attractions.
1152,Mount Kanjiroba,159,Majestic Himalayan peak popular among trekkers.
1153,Putha Hiunchuli,357,Challenging Himalayan peak with stunning views.
1154,Kande Hiun Chuli,654,Remote mountain peak with trekking opportunities.
1155,Chankheli Peak,321,Himalayan mountain peak offering adventure trekking.
1156,Changdi (Lalung),987,Hilly settlement near trekking trails.
1157,Kubi Gangri (Kanti Himal),654,High-altitude Himalayan peak for mountaineering.
1158,Fimkof,125,Remote village in Dolpa with Tibetan influence.
1159,Phoksundo,136,Crystal-clear lake within Shey Phoksundo National Park.
1160,Kanjiroba,652,High-altitude region with rugged landscapes and trekking routes.
1161,Patmara,250,Small village with traditional lifestyle.
1162,Mugu,350,District headquarters near Rara Lake with local markets.
1163,Rara,330,Iconic lake with pristine beauty and surrounding national park.
1164,Chhoti Hill Viewpoint,700,Hidden hilltop offering panoramic views.
1165,Bajhang Offbeat Villages,750,Remote villages with untouched landscapes.
1166,Malika Historical Sites,1000,Ancient monuments with cultural significance.
1167,Jhulaghat Small Temples,980,Riverside temples with spiritual importance.
1168,Chhoti Shivalaya Temple,900,Small Shiva temple amidst rural hills.
1169,Gauriganga Waterfall,500,Scenic waterfall with lush greenery.
1170,Doti Hidden Trails,600,Remote trekking trails with natural beauty.
1171,Rauteli Lake,369,"Serene lake in hilly terrain, perfect for relaxation."
1172,Kailali / Rupandehi,700,Terai districts with cultural diversity and markets.
1173,Doti,500,Hilly district with rural charm and scenic landscapes.
1174,Bajhang,400,Remote Himalayan district with natural beauty.
1175,Baitadi,450,Western hill district with traditional lifestyle and scenery.
1176,Khaptad Baba Ashram,650,– Spiritual site amidst Khaptad National Park.
1177,Jhulaghat (Mechinagar border area),900,Small town at the border with local trade.
1178,Ghodaghodi Tal,875,Large freshwater lake with diverse flora and fauna.
1179,Ninglashaini Temple,123,Local temple with religious significance.
1180,Badimalika Temple,258,Sacred temple perched on a hilltop in western Nepal.
1181,Khaptad Top View,159,Hilltop viewpoint within Khaptad National Park.
1182,Jhulaghat River Viewpoint,357,Scenic riverside spot at the border.
1183,Mahakali River Minor Spots,654,Peaceful riverside locations for relaxation.
1184,Doti Tiny Hilltop Viewpoint,321,Small viewpoint offering panoramic hill views.
1185,Gauriganga River Upper Trek Sites,987,Trekking route along Gauriganga River.
1186,Bajhang Hidden Stream,654,Secluded stream with natural beauty.
1187,Far Western Cultural Circuit (Doti/Accham sites),125,Cultural trail showcasing heritage sites.
1188,Api Nampa Conservation Area,136,Protected Himalayan area with rich biodiversity.
1189,Shuklaphanta National Park,652,Wildlife sanctuary with grasslands and rare species.
1190,Khaptad National Park (western edge),250,"Forested park with diverse flora, fauna, and cultural sites."
1191,Api Himal Base Camp,350,Remote Himalayan base camp with breathtaking mountain views.
1192,Baitadi Micro Temple,330,Small local temple reflecting traditional Baitadi culture.
1193,Lesser Tributaries & Streams,700,Serene natural waterways ideal for peaceful exploration.
1194,Tripura Sundari Temple,750,Sacred Hindu temple attracting devotees and pilgrims.
1195,Ramaroshan,1000,Scenic lake and plateau area with rich biodiversity.
1196,Khaptad Waterfalls,980,Beautiful waterfalls within Khaptad National Park.
1197,Dhangadhi,900,Major city in Far-Western Nepal with urban amenities.
1198,Api Himal Base Camp,500,"Protected Himalayan region rich in flora, fauna, and trekking routes."
1199,Api Nampa Conservation Area,600,Hilltop temple with spiritual significance and scenic surroundings.
1200,Badimalika Temple,369,Western hilly district with cultural heritage and natural beauty.
1201,Baitadi,700,Small local shrines with traditional architecture.
1202,Baitadi Micro Temple,500,Remote district with rugged terrain and Himalayan scenery.
1203,Baitadi Minor Temples,400,Secluded stream amidst untouched nature.
1204,Bajhang,450,Remote villages with authentic local culture.
1205,Bajhang Hidden Stream,650,Small hilltop offering panoramic views of the surroundings.
1206,Bajhang Offbeat Villages,900,Quiet Shiva temple in a peaceful hilly location.
1207,Chhoti Hill Viewpoint,875,Historical western district with natural and cultural attractions.
1208,Chhoti Shivalaya Temple,123,Secluded trekking routes with scenic landscapes.
1209,Dhangadhi,258,Compact viewpoint with sweeping valley views.
1210,Doti,159,"Cultural trail showcasing temples, villages, and traditions."
1211,Doti Hidden Trails,357,Trekking along scenic riverbanks with Himalayan backdrops.
1212,Doti Tiny Hilltop Viewpoint,654,Picturesque waterfall ideal for nature lovers.
1213,Far Western Cultural Circuit (Doti/Accham sites),321,Expansive freshwater lake with birdwatching opportunities.
1214,Gauriganga River Upper Trek Sites,987,Small border town with riverside and trade activity.
1215,Gauriganga Waterfall,654,Scenic riverside spot at the border area.
1216,Ghodaghodi Tal,125,Local temples with traditional architecture and serene surroundings.
1217,Jhulaghat (Mechinagar border area),136,Terai districts with cultural diversity and fertile landscapes.
1218,Jhulaghat River Viewpoint,652,Spiritual site amidst Khaptad National Park’s natural beauty.
1219,Jhulaghat Small Temples,250,Forested park rich in biodiversity and scenic trails.
1220,Kailali / Rupandehi,350,Hilltop viewpoint with panoramic vistas of the national park.
1221,Khaptad Baba Ashram,330,Peaceful river areas perfect for relaxation and nature walks.
1222,Khaptad National Park (western edge),700,Ancient monuments reflecting local history and heritage.
1223,Khaptad Top View,750,Sacred temple attracting local devotees.
1224,Khaptad Waterfalls,1000,"Tranquil lake surrounded by hills, ideal for picnics and photography."
1225,Lesser Tributaries & Streams,980,"Wildlife sanctuary with grasslands, forests, and rare species."
1226,Mahakali River Minor Spots,900,District headquarters with local markets and scenic surroundings.
1227,Malika Historical Sites,500,Small marketplace catering to local trade and daily needs.
1228,Ninglashaini Temple,600,Rural settlement with agricultural landscapes.
1229,Ramaroshan,369,Peaceful village with traditional rural lifestyle.
1230,Rauteli Lake,700,Remote hilly village with local culture.
1231,Shuklaphanta National Park,500,Scenic village with agricultural surroundings.
1232,Tripura Sundari Temple,400,Hilltop village with stunning Himalayan views.
1233,Dipayal Silgadhi,450,Village with temples and rural charm.
1234,Gobghat Bazzar,650,Small settlement with traditional lifestyle and farmland.
1235,Mathbora,900,Administrative center with local markets and services.
1236,Latamandau,875,Eastern town with commercial activity and cultural sites.
1237,Banedugri Sain,123,Hilly settlement with peaceful surroundings.
1238,Moi,258,Major river in western Nepal with scenic banks.
1239,Kailpalmandu,159,Sacred riverside area with religious importance.
1240,Ganeshpur,357,Hilltop temple attracting devotees and tourists.
1241,Malma,654,Local village with serene natural surroundings.
1242,Amargadhi,321,Majestic Himalayan peak ideal for trekking and mountaineering.
1243,Bhadrapur,987,Remote lake area surrounded by hills.
1244,Chipur,654,Sacred hilltop temple with panoramic mountain views.
1245,Mahakali,125,High-altitude region with strategic and scenic importance.
1246,Pancheshwar,136,Famous for the snow pattern resembling “Om” on the peak.
1247,Kailpal Temple,652,"Historic cave associated with sage Vyas, a spiritual pilgrimage site"
1248,Shibanath,250,Local village with serene natural surroundings.
1249,Saipal,350,Majestic Himalayan peak ideal for trekking and mountaineering.
1250,Khunka Daha,330,Remote lake area surrounded by hills.
1251,Badimalika,700,Sacred hilltop temple with panoramic mountain views.
1252,Kalapani,750,High-altitude region with strategic and scenic importance.
1253,Om Parvat Viewpoint,1000,Famous for the snow pattern resembling “Om” on the peak.
1254,Vyas Cave,980,"Historic cave associated with sage Vyas, a spiritual pilgrimage site"